-- phpMyAdmin SQL Dump
-- version 4.6.6deb5
-- https://www.phpmyadmin.net/
--
-- Host: localhost:3306
-- Tempo de geração: 02/12/2019 às 12:08
-- Versão do servidor: 5.7.26-0ubuntu0.18.04.1
-- Versão do PHP: 7.2.17-1+ubuntu18.04.1+deb.sury.org+3

SET SQL_MODE = "NO_AUTO_VALUE_ON_ZERO";
SET time_zone = "+00:00";


/*!40101 SET @OLD_CHARACTER_SET_CLIENT=@@CHARACTER_SET_CLIENT */;
/*!40101 SET @OLD_CHARACTER_SET_RESULTS=@@CHARACTER_SET_RESULTS */;
/*!40101 SET @OLD_COLLATION_CONNECTION=@@COLLATION_CONNECTION */;
/*!40101 SET NAMES utf8mb4 */;

--
-- Banco de dados: `bd_atom_definitivo`
--

-- --------------------------------------------------------

--
-- Estrutura para tabela `alunos`
--

CREATE TABLE `alunos` (
  `codAluno` int(5) NOT NULL,
  `nomeAluno` varchar(180) DEFAULT NULL,
  `imgAluno` varchar(540) DEFAULT NULL,
  `dataNasc` date DEFAULT NULL,
  `curso` varchar(180) DEFAULT NULL,
  `email` varchar(180) NOT NULL,
  `senha` varchar(180) NOT NULL,
  `anoLetivo` varchar(180) DEFAULT NULL,
  `tipo` tinyint(1) DEFAULT NULL
) ENGINE=InnoDB DEFAULT CHARSET=utf8mb4;

--
-- Fazendo dump de dados para tabela `alunos`
--

INSERT INTO `alunos` (`codAluno`, `nomeAluno`, `imgAluno`, `dataNasc`, `curso`, `email`, `senha`, `anoLetivo`, `tipo`) VALUES
(19, 'João Victor Galvan', NULL, '2001-11-29', 'Agropecuária', 'joao.galvan@gmail.com', '1a3a13d15f43486905394367e46e0fa7', 'Segundo', 0),
(22, 'Mirian Luiza ', NULL, '2001-09-28', 'Informática', 'mirian.luiza@gmail.com', '5de541dfecd154763d56ff345f21f1bb', 'Terceiro', 0),
(25, 'André Felipe Fuck', NULL, '2001-12-06', 'Informática', 'andre.felipe@gmail.com', 'dd573120e473c889140e34e817895495', 'Terceiro', 0),
(26, 'Camile Pohlmann', '1cd91bda407f1050e5f238f31ade69b3.jpg', '2002-03-20', 'Informática', 'pohlmann@gmail.com', '179f30e5900eda32f98ce9661dd10701', 'Terceiro', 0);

-- --------------------------------------------------------

--
-- Estrutura para tabela `artigos`
--

CREATE TABLE `artigos` (
  `codArtigo` int(11) NOT NULL,
  `dataArtigo` datetime DEFAULT NULL,
  `titulo` varchar(180) NOT NULL,
  `imgArtigo` varchar(45) DEFAULT NULL,
  `uploadArtigo` varchar(540) DEFAULT NULL,
  `disciplina_codDisciplina` int(5) NOT NULL,
  `professores_codProfessor` int(5) DEFAULT NULL,
  `alunos_codAluno` int(5) DEFAULT NULL,
  `corpo` longtext NOT NULL,
  `resumo` varchar(240) NOT NULL
) ENGINE=InnoDB DEFAULT CHARSET=utf8mb4;

--
-- Fazendo dump de dados para tabela `artigos`
--

INSERT INTO `artigos` (`codArtigo`, `dataArtigo`, `titulo`, `imgArtigo`, `uploadArtigo`, `disciplina_codDisciplina`, `professores_codProfessor`, `alunos_codAluno`, `corpo`, `resumo`) VALUES
(117, '2019-11-17 15:07:06', 'Bioflocos', NULL, NULL, 12, NULL, 19, '<p><span id=\"docs-internal-guid-8da14d13-7fff-bdf6-fe0e-d2a6098fdd61\"></span></p><h4 style=\"line-height:1.38;text-align: justify;margin-top:0pt;margin-bottom:0pt;\">    <span style=\"background-color: transparent; font-family: Arial; font-size: 11pt; white-space: pre-wrap;\"> </span>  Os cultivos de bioflocos iniciaram na década de 70 na França (Polinésia Francesa) em um centro de pesquisa local (IFREMER) na ilha do Taiti. Multinacionais norte-americanas e francesas aplicaram esta tecnologia para diversas espécies de camarões.<br>  <span style=\"white-space:pre\">	</span>O primeiro teste para o nível de pesquisa comercial na ilha e em todo o território norte-americano.<br>  <span style=\"white-space:pre\">	</span>Uma fazenda no Taiti com 1.000m², chegou a produzir 20-25 toneladas/ano, um recorde naquele tempo.<br> <span style=\"white-space:pre\">	</span> No início da década de 90 Waddell Mariculture Center USA e o Instituto Tecnológico de Israel também iniciaram suas pesquisas impulsionados pela limitação dos custos de terras, questões ambientais e escassez de água.<br>    No início do ano 2000 a fazenda Belize Aquiculture (Belize América Central) foi transformada em uma fazenda de bioflocos com troca de água limitada e toda recoberta com giomembrana. Era algo inovador o manejo microbiano utilizando melaço “Grain Pellets” e relação CN alta para fomentar micro-organismos heterotróficos. Logo se expandiu para outras fazendas de vários países como a Tailândia, Malásia, Indonésia e Vietnã, estes países também iniciaram seus testes e aplicaram comercialmente o conceito BFT (esse conceito possui diversas variantes, o que originou diversas nomenclaturas, como sistema de mixotrofia entre outros). Hoje, outros países estão investindo nessa tecnologia, como o México, Peru e finalmente, Brasil, pelo menos em fase de produção. <br> <span style=\"white-space:pre\">	</span>No nordeste da américa se destaca a fazenda Marvesta na produção de camarão, ela possui um mercado gastronômico alto na cidade de Nova Iorque e se destaca por todo EUA e pela Europa, é uma fazenda estilo indoor (hiperintensivas em estufas).<br> <span style=\"white-space:pre\">	</span> No Brasil, o Rio Grande do Sul foi o primeiro estado impulsionado com camarão e tilápia. Um dos avanços realizados foi divulgado pelo Projeto Camarão da Universidade Federal do Rio Grande pelo pesquisador Wilson Wasalesky, também impulsionaram fazendas de Santa Catarina. Logo após, a técnica se expandiu no Nordeste brasileiro, no centro-oeste e no Sudeste, que estão aplicando em escala comercial.<br>  <span style=\"white-space:pre\">	</span>Devido a escassez de água, proximidade do mercado consumidor e segurança algo é certo, muitas histórias serão contadas.<br> Concluímos que o biofloco é muito vantajoso pois é feito de matéria orgânica, ou seja, não gera um gasto enorme, é bom para a dieta dos peixes pois é um suplemento natural e reduz o teor de proteína bruta da dieta dos camarões, por estes e outros motivos a técnica do biofloco vem crescendo e sendo cada vez mais utilizada no mundo.</h4><div style=\"text-align: justify;\"><br></div>', 'Os cultivos de bioflocos iniciaram na década de 70 na França (Polinésia Francesa) em um centro de pesquisa local (IFREMER) na ilha do Taiti.');
INSERT INTO `artigos` (`codArtigo`, `dataArtigo`, `titulo`, `imgArtigo`, `uploadArtigo`, `disciplina_codDisciplina`, `professores_codProfessor`, `alunos_codAluno`, `corpo`, `resumo`) VALUES
(141, '2019-11-27 09:51:29', 'Energia Solar', 'a54c47e6827dcbfd2923d073ad6d44e9.jpg', 'Energia_Solar_2019-11-27.pdf', 4, NULL, 22, '<span id=\"docs-internal-guid-0106ede3-7fff-a464-e006-8abbd37fea70\"><p dir=\"ltr\" style=\"line-height:1.2;text-align: justify;margin-top:0pt;margin-bottom:3pt;\"><span style=\"font-size: 12pt; font-family: Arial; background-color: transparent; font-weight: 700; font-variant-numeric: normal; font-variant-east-asian: normal; vertical-align: baseline; white-space: pre-wrap;\">O que é:</span><span style=\"font-size: 12pt; font-family: Arial; background-color: transparent; font-variant-numeric: normal; font-variant-east-asian: normal; vertical-align: baseline; white-space: pre-wrap;\">&nbsp;</span></p><p dir=\"ltr\" style=\"line-height:1.2;text-align: justify;margin-top:0pt;margin-bottom:3pt;\"><span style=\"font-size: 11pt; font-family: Arial; background-color: transparent; font-variant-numeric: normal; font-variant-east-asian: normal; vertical-align: baseline; white-space: pre-wrap;\">Energia solar é a energia proveniente da luz e do calor do Sol que é aproveitada e utilizada por meio de diferentes tecnologias, principalmente como o aquecimento solar, energia solar fotovoltaica, energia heliotérmica e arquitetura solar. A luz solar e a energia solar são consideradas fonte de energia renovável e sustentável.</span></p><p dir=\"ltr\" style=\"line-height:1.2;text-align: justify;margin-top:0pt;margin-bottom:3pt;\"><span style=\"font-size: 12pt; font-family: Arial; background-color: transparent; font-weight: 700; font-variant-numeric: normal; font-variant-east-asian: normal; vertical-align: baseline; white-space: pre-wrap;\">Para que serve a energia solar:&nbsp;</span></p><p dir=\"ltr\" style=\"line-height:1.2;text-align: justify;margin-top:0pt;margin-bottom:2pt;\"><span style=\"font-size: 11pt; font-family: Arial; background-color: transparent; font-variant-numeric: normal; font-variant-east-asian: normal; vertical-align: baseline; white-space: pre-wrap;\">A energia solar é uma alternativa limpa e sustentável para gerar energia elétrica para consumo, já que é uma fonte renovável provinda da energia solar podemos aproveitá-la de diversas maneiras, como fonte de luz ou calor, por exemplo, tornando uma das formas de energias mais aproveitáveis e promissoras do mundo.</span></p><p dir=\"ltr\" style=\"line-height:1.2;text-align: justify;margin-top:0pt;margin-bottom:3pt;\"><span style=\"font-size: 12pt; font-family: Arial; background-color: transparent; font-weight: 700; font-variant-numeric: normal; font-variant-east-asian: normal; vertical-align: baseline; white-space: pre-wrap;\">A história da energia solar:</span><span style=\"font-size: 12pt; font-family: Arial; background-color: transparent; font-variant-numeric: normal; font-variant-east-asian: normal; vertical-align: baseline; white-space: pre-wrap;\">&nbsp;</span></p><p dir=\"ltr\" style=\"line-height:1.2;text-align: justify;margin-top:0pt;margin-bottom:4.800000000000001pt;\"><span style=\"font-size: 11pt; font-family: Arial; background-color: transparent; font-variant-numeric: normal; font-variant-east-asian: normal; vertical-align: baseline; white-space: pre-wrap;\">A energia solar remonta os primórdios onde a luz solar era fonte de energia para fazer fogo e aquecer casas e água. Já em épocas mais a frente, mais precisamente no século XIX, o físico francês Alexandre Edmond Becquerel observou pela primeira vez o efeito fotovoltaico, quando realizava algumas experiências com eletrodos. Alexandre Edmond foi quem criou a energia solar no ano de 1839.</span></p><p dir=\"ltr\" style=\"line-height: 1.2; text-align: justify; margin-top: 0pt; margin-bottom: 0pt; padding: 0pt 0pt 4.8pt;\"><span style=\"font-size: 11pt; font-family: Arial; background-color: transparent; font-variant-numeric: normal; font-variant-east-asian: normal; vertical-align: baseline; white-space: pre-wrap;\">No início da história da energia solar, quando foi descoberta e por longas décadas, a energia solar foi vista como uma tecnologia futurista, cujo uso se restringiria exclusivamente aos cientistas e suas pesquisas. Por possuir um alto custo inicial, acreditava-se que a energia proveniente dos raios solares não chegaria a ser utilizada de maneira geral.</span></p><p dir=\"ltr\" style=\"line-height: 1.2; text-align: justify; margin-top: 0pt; margin-bottom: 0pt; padding: 0pt 0pt 4.8pt;\"><span style=\"font-size: 11pt; font-family: Arial; background-color: transparent; font-variant-numeric: normal; font-variant-east-asian: normal; vertical-align: baseline; white-space: pre-wrap;\">Entretanto, ocorreram muitos avanços fotovoltaicos que não só fizeram Albert Einstein ganhar seu primeiro Prêmio Nobel, no ano de 1923, como também foram responsáveis pela concretização da energia solar como uma maneira real de produzir energia limpa. Certamente uma passagem muito importante na história da energia solar.</span></p><p dir=\"ltr\" style=\"line-height:1.2;text-align: center;margin-top:0pt;margin-bottom:3pt;\"><span style=\"font-size: 12pt; font-family: Arial; background-color: transparent; font-weight: 700; font-variant-numeric: normal; font-variant-east-asian: normal; vertical-align: baseline; white-space: pre-wrap;\">Tipos de energia solar</span></p><p dir=\"ltr\" style=\"line-height:1.2;text-align: justify;margin-top:0pt;margin-bottom:0pt;\"><span style=\"font-size: 11pt; font-family: Arial; background-color: transparent; font-variant-numeric: normal; font-variant-east-asian: normal; vertical-align: baseline; white-space: pre-wrap;\"><br></span><span style=\"font-size: 11pt; font-family: Arial; background-color: transparent; font-weight: 700; font-variant-numeric: normal; font-variant-east-asian: normal; vertical-align: baseline; white-space: pre-wrap;\">Energia solar fotovoltaica:</span></p><p dir=\"ltr\" style=\"line-height:1.2;text-align: justify;margin-top:0pt;margin-bottom:0pt;\"><span style=\"font-size: 11pt; font-family: Arial; background-color: transparent; font-variant-numeric: normal; font-variant-east-asian: normal; vertical-align: baseline; white-space: pre-wrap;\"><br></span><span style=\"font-size: 11pt; font-family: Arial; background-color: transparent; font-variant-numeric: normal; font-variant-east-asian: normal; vertical-align: baseline; white-space: pre-wrap;\">Energia solar fotovoltaica nada mais é do que a conversão direta da radiação solar em energia elétrica. Essa conversão é realizada pelas chamadas células fotovoltaicas, compostas por material semicondutor, normalmente o silício. Ao incidir sobre as células, a luz solar provoca a movimentação dos elétrons do material condutor, transportando-os pelo material até serem captados por um campo elétrico (formado por uma diferença de potencial existente entre os semicondutores). Dessa forma, gera-se eletricidade.</span><span style=\"font-size: 11pt; font-family: Arial; background-color: transparent; font-weight: 700; font-variant-numeric: normal; font-variant-east-asian: normal; vertical-align: baseline; white-space: pre-wrap;\">&nbsp;</span></p><p dir=\"ltr\" style=\"line-height:1.2;text-align: justify;margin-top:0pt;margin-bottom:0pt;\"><span style=\"font-size: 11pt; font-family: Arial; background-color: transparent; font-variant-numeric: normal; font-variant-east-asian: normal; vertical-align: baseline; white-space: pre-wrap;\">Constituído por painéis, módulos e equipamentos elétricos, o sistema fotovoltaico não exige um ambiente com alta radiação para funcionar. No entanto, a quantidade de energia produzida depende da densidade das nuvens, ou seja, quanto menos nuvens houver no céu, maior será a produção de eletricidade.</span></p><p dir=\"ltr\" style=\"line-height:1.2;text-align: justify;margin-top:0pt;margin-bottom:0pt;\"><span style=\"font-size: 11pt; font-family: Arial; background-color: transparent; font-weight: 700; font-variant-numeric: normal; font-variant-east-asian: normal; vertical-align: baseline; white-space: pre-wrap;\">Energia calorífica:</span></p><p dir=\"ltr\" style=\"line-height:1.2;text-align: justify;margin-top:0pt;margin-bottom:0pt;\"><span style=\"font-size: 11pt; font-family: Arial; background-color: transparent; font-variant-numeric: normal; font-variant-east-asian: normal; vertical-align: baseline; white-space: pre-wrap;\">Energia calorífica é aquela que é desenvolvida através do calor, esta apresenta-se e move-se de três maneiras:</span></p><ul style=\"margin-bottom: 0px;\"><li dir=\"ltr\" style=\"list-style-type: disc; font-size: 11pt; font-family: Arial; background-color: transparent; font-variant-numeric: normal; font-variant-east-asian: normal; vertical-align: baseline; white-space: pre;\"><p dir=\"ltr\" style=\"line-height:1.2;text-align: justify;margin-top:0pt;margin-bottom:0pt;\" role=\"presentation\"><span style=\"font-size: 11pt; background-color: transparent; font-variant-numeric: normal; font-variant-east-asian: normal; vertical-align: baseline; white-space: pre-wrap;\">Condução:Ocorre quando a energia passa de um lugar à outro. Os metais são ótimos condutores do calor;</span></p></li><li dir=\"ltr\" style=\"list-style-type: disc; font-size: 11pt; font-family: Arial; background-color: transparent; font-variant-numeric: normal; font-variant-east-asian: normal; vertical-align: baseline; white-space: pre;\"><p dir=\"ltr\" style=\"line-height:1.2;text-align: justify;margin-top:0pt;margin-bottom:0pt;\" role=\"presentation\"><span style=\"font-size: 11pt; background-color: transparent; font-variant-numeric: normal; font-variant-east-asian: normal; vertical-align: baseline; white-space: pre-wrap;\">Transmissão: movimento de gases ou líquidos de um lugar frio para um quente;</span></p></li><li dir=\"ltr\" style=\"list-style-type: disc; font-size: 11pt; font-family: Arial; background-color: transparent; font-variant-numeric: normal; font-variant-east-asian: normal; vertical-align: baseline; white-space: pre;\"><p dir=\"ltr\" style=\"line-height:1.2;text-align: justify;margin-top:0pt;margin-bottom:0pt;\" role=\"presentation\"><span style=\"font-size: 11pt; background-color: transparent; font-variant-numeric: normal; font-variant-east-asian: normal; vertical-align: baseline; white-space: pre-wrap;\">Radiação: a radiação é a última forma de movimento da energia calorífica, os raios do sol são emitidos em linha reta e o seu movimento chama-se radiação;</span></p></li></ul><br><p dir=\"ltr\" style=\"line-height:1.2;text-align: justify;margin-top:0pt;margin-bottom:0pt;\"><span style=\"font-size: 11pt; font-family: Arial; background-color: transparent; font-weight: 700; font-variant-numeric: normal; font-variant-east-asian: normal; vertical-align: baseline; white-space: pre-wrap;\">Energia solar heliotérmica:&nbsp;&nbsp;&nbsp;</span></p><p dir=\"ltr\" style=\"line-height:1.2;text-align: justify;margin-top:0pt;margin-bottom:0pt;\"><span style=\"font-size: 11pt; font-family: Arial; background-color: transparent; font-variant-numeric: normal; font-variant-east-asian: normal; vertical-align: baseline; white-space: pre-wrap;\">No sistema heliotérmico, a energia proveniente do Sol é transformada em calor, aquecendo, principalmente, a água de residências, hotéis e clubes. Para que isso seja possível, são utilizados painéis solares (espelhos, coletores, helióstatos), que refletem a luz solar, concentrando-a em um único ponto no qual há um receptor.</span><span style=\"font-size: 11pt; font-family: Arial; background-color: transparent; font-variant-numeric: normal; font-variant-east-asian: normal; vertical-align: baseline; white-space: pre-wrap;\"><br></span><span style=\"font-size: 11pt; font-family: Arial; background-color: transparent; font-variant-numeric: normal; font-variant-east-asian: normal; vertical-align: baseline; white-space: pre-wrap;\">O receptor é constituído por um líquido, que é aquecido pela luz solar refletida nos painéis. Esse líquido é responsável pelo armazenamento de calor, aquecendo a água nas usinas e, assim, produzindo vapor. Esse vapor movimenta as turbinas nas usinas, provocando o acionamento de geradores, que produzem energia elétrica.</span><span style=\"font-size: 11pt; font-family: Arial; background-color: transparent; font-variant-numeric: normal; font-variant-east-asian: normal; vertical-align: baseline; white-space: pre-wrap;\"><br></span><span style=\"font-size: 11pt; font-family: Arial; background-color: transparent; font-variant-numeric: normal; font-variant-east-asian: normal; vertical-align: baseline; white-space: pre-wrap;\">Regiões com grande incidência solar, poucas nuvens e terrenos planos são próprias para produção de energia solar heliotérmica. No Brasil, as regiões Nordeste, Centro-Oeste e Sudeste destacam-se na produção desse tipo de energia solar.</span></p><br><p dir=\"ltr\" style=\"line-height:1.2;text-align: justify;margin-top:0pt;margin-bottom:0pt;\"><span style=\"font-size: 11pt; font-family: Arial; background-color: transparent; font-weight: 700; font-variant-numeric: normal; font-variant-east-asian: normal; vertical-align: baseline; white-space: pre-wrap;\">O que é uma usina solar</span></p><p dir=\"ltr\" style=\"line-height: 1.2; text-align: justify; margin-top: 0pt; margin-bottom: 0pt; padding: 0pt 0pt 2pt;\"><span style=\"font-size: 11pt; font-family: Arial; background-color: transparent; font-variant-numeric: normal; font-variant-east-asian: normal; vertical-align: baseline; white-space: pre-wrap;\">A usina solar, também conhecida como parque solar, é um sistema fotovoltaico de grande porte (sistema FV) projetado para a produção e venda de energia elétrica. As usinas de energia solar se diferenciam dos sistemas fotovoltaicos instalados em casas e indústrias pois elas fornecem energia em alta tensão para fins de distribuição e não para o autoconsumo.&nbsp;</span></p><p dir=\"ltr\" style=\"line-height: 1.2; text-align: justify; margin-top: 0pt; margin-bottom: 0pt; padding: 0pt 0pt 2pt;\"><span style=\"font-size: 11pt; font-family: Arial; background-color: transparent; font-variant-numeric: normal; font-variant-east-asian: normal; vertical-align: baseline; white-space: pre-wrap;\">A produção de energia da usina de energia solar vem dos painéis fotovoltaicos que convertem a energia do sol em energia elétrica para ser vendida para a rede. A maioria das usinas de energia solar no mundo são construídas sobre o solo. Elas são na sua maioria fixas, </span><span style=\"font-size: 11pt; font-family: Roboto, sans-serif; background-color: transparent; font-variant-numeric: normal; font-variant-east-asian: normal; vertical-align: baseline; white-space: pre-wrap;\">mas também podem ser construídas com os chamados “trackers”, seguidores solares que acompanham o </span><span style=\"font-size: 11pt; font-family: Arial; background-color: transparent; font-variant-numeric: normal; font-variant-east-asian: normal; vertical-align: baseline; white-space: pre-wrap;\">movimento do sol. Embora as usinas montadas em sistema de rastreamento aumentam a produção de energia elétrica, também aumentam o custo de operação e manutenção da usina solar.</span></p><p dir=\"ltr\" style=\"line-height: 1.2; text-align: justify; margin-top: 0pt; margin-bottom: 0pt; padding: 0pt 0pt 2pt;\">&nbsp;</p><p dir=\"ltr\" style=\"line-height:1.2;text-align: justify;margin-top:0pt;margin-bottom:3pt;\"><span style=\"font-size: 12pt; font-family: Arial; background-color: transparent; font-weight: 700; font-variant-numeric: normal; font-variant-east-asian: normal; vertical-align: baseline; white-space: pre-wrap;\">A maior usina solar do mundo</span></p><p dir=\"ltr\" style=\"line-height: 1.2; text-align: justify; margin-top: 0pt; margin-bottom: 0pt; padding: 0pt 0pt 3pt;\"><span style=\"font-size: 11pt; font-family: Arial; background-color: transparent; font-variant-numeric: normal; font-variant-east-asian: normal; vertical-align: baseline; white-space: pre-wrap;\">A maior usina solar do mundo ficou pronta em Junho de 2015 e encontra-se nos Estados Unidos. É um projeto de 579.000kWp (579MWp) instalado perto de Rosamond na Califórnia. Ela na verdade consiste em 2 usinas juntas e utilizam 1.700.000 painéis fotovoltaicos, ocupando uma área no deserto de aproximadamente 32km².</span></p><p dir=\"ltr\" style=\"line-height: 1.2; text-align: justify; margin-top: 0pt; margin-bottom: 0pt; padding: 0pt 0pt 3pt;\">&nbsp;</p><p dir=\"ltr\" style=\"line-height: 1.2; text-align: justify; margin-top: 0pt; margin-bottom: 0pt; padding: 0pt 0pt 3pt;\"><span style=\"font-size: 12pt; font-family: Arial; background-color: transparent; font-weight: 700; font-variant-numeric: normal; font-variant-east-asian: normal; vertical-align: baseline; white-space: pre-wrap;\">A primeira usina solar do Brasil</span></p><p dir=\"ltr\" style=\"line-height: 1.2; text-align: justify; margin-top: 0pt; margin-bottom: 0pt; padding: 0pt 0pt 3pt;\"><span style=\"font-size: 11pt; font-family: Arial; background-color: transparent; font-variant-numeric: normal; font-variant-east-asian: normal; vertical-align: baseline; white-space: pre-wrap;\">A usina solar de Tauá, construída em 2011, está localizada no município de Tauá, no sertão do Ceará, e tem capacidade inicial de geração de 1000kWp (1MWp). Ela produz energia suficiente para 650 casas populares e foi a primeira usina solar no Brasil a gerar eletricidade em escala comercial.</span></p><p dir=\"ltr\" style=\"line-height: 1.2; text-align: justify; margin-top: 0pt; margin-bottom: 0pt; padding: 0pt 0pt 3pt;\">&nbsp;</p><p dir=\"ltr\" style=\"line-height: 1.2; text-align: justify; margin-top: 0pt; margin-bottom: 0pt; padding: 0pt 0pt 3pt;\"><span style=\"font-size: 12pt; font-family: Arial; background-color: transparent; font-weight: 700; font-variant-numeric: normal; font-variant-east-asian: normal; vertical-align: baseline; white-space: pre-wrap;\">A maior usina solar do Brasil&nbsp;</span></p><p dir=\"ltr\" style=\"line-height: 1.2; text-align: justify; margin-top: 0pt; margin-bottom: 0pt; padding: 0pt 0pt 7.2pt;\"><span style=\"font-size: 11pt; font-family: Arial; background-color: transparent; font-variant-numeric: normal; font-variant-east-asian: normal; vertical-align: baseline; white-space: pre-wrap;\">A maior usina de energia solar no brasil e também da América Latina&nbsp; é o Parque solar Lapa, localizado em Bom Jesus da Lapa no interior da Bahia, Começou a operar no começo de junho de 2017.&nbsp; Possui capacidade de geração de 80 MW.</span></p><p dir=\"ltr\" style=\"line-height: 1.2; text-align: justify; margin-top: 0pt; margin-bottom: 0pt; padding: 0pt 0pt 7.2pt;\"><span style=\"font-size: 11pt; font-family: Arial; background-color: transparent; font-variant-numeric: normal; font-variant-east-asian: normal; vertical-align: baseline; white-space: pre-wrap;\">As plantas geram energia suficiente para atender por um ano as necessidades de consumo de pelo menos 166 mil residências, evitando a emissão de cerca de 198 mil toneladas de CO2 na atmosfera. São mais de 500 mil painéis de geração de energia fotovoltaica instalados próximo à entrada da cidade. </span><span style=\"font-size: 11pt; font-family: Arial; background-color: transparent; font-variant-numeric: normal; font-variant-east-asian: normal; vertical-align: baseline; white-space: pre-wrap;\"><span class=\"Apple-tab-span\" style=\"white-space:pre;\">	</span></span><span style=\"font-size: 11pt; font-family: Arial; background-color: transparent; font-variant-numeric: normal; font-variant-east-asian: normal; vertical-align: baseline; white-space: pre-wrap;\"><span class=\"Apple-tab-span\" style=\"white-space:pre;\">	</span></span><span style=\"font-size: 11pt; font-family: Arial; background-color: transparent; font-variant-numeric: normal; font-variant-east-asian: normal; vertical-align: baseline; white-space: pre-wrap;\"><span class=\"Apple-tab-span\" style=\"white-space:pre;\">	</span></span><span style=\"font-size: 11pt; font-family: Arial; background-color: transparent; font-variant-numeric: normal; font-variant-east-asian: normal; vertical-align: baseline; white-space: pre-wrap;\">&nbsp; &nbsp; &nbsp; &nbsp; Um total de U$S 175 milhões foram investidos na implementação do sistema, que é direcionada para o abastecimento do sistema nacional. Na época das obras, foram gerados 1,2 mil postos de trabalho, 44% deste montante foi ocupado pela mão de obra local.</span></p><p dir=\"ltr\" style=\"line-height:1.2;text-align: justify;margin-top:0pt;margin-bottom:3pt;\"><span style=\"font-size: 12pt; font-family: Arial; background-color: transparent; font-weight: 700; font-variant-numeric: normal; font-variant-east-asian: normal; vertical-align: baseline; white-space: pre-wrap;\">Potencial para a energia Solar</span></p><p dir=\"ltr\" style=\"line-height:1.3800000000000001;text-align: justify;margin-top:0pt;margin-bottom:3pt;\"><span style=\"font-size: 11pt; font-family: Arial; background-color: transparent; font-variant-numeric: normal; font-variant-east-asian: normal; vertical-align: baseline; white-space: pre-wrap;\">O Brasil é o país que mais recebe irradiação solar em todo o mundo. Por estar localizado próximo à linha do Equador, o país recebe alta incidência de sol durante todo o dia, com pouca variação ao longo das estações do ano, em função das características de translação do planeta. Segundo o Atlas Brasileiro de Energia Solar, o país recebe, durante todo o ano, mais de 3 mil horas de brilho do sol, correspondendo a uma incidência solar diária que pode ir de 4.500 a 6.300 Wh/m² ( é medido em watt por hora por metro quadrado (Wh/m²), unidade de medida padrão da ABNT</span></p><p dir=\"ltr\" style=\"line-height:1.3800000000000001;text-align: justify;margin-top:0pt;margin-bottom:3pt;\"><span style=\"font-size: 11pt; font-family: Arial; background-color: transparent; font-variant-numeric: normal; font-variant-east-asian: normal; vertical-align: baseline; white-space: pre-wrap;\">O território brasileiro, como um todo, possui alto potencial para captação de energia solar. Comparativamente, a região que apresenta a maior disponibilidade energética é a Nordeste, em função de sua localização mais próxima à linha do Equador, seguidas pelo Centro-Oeste e Sudeste. A região Norte, também bem posicionada nesse sentido, recebe menos incidência solar, por ter características climáticas e geográficas que reduzem o alcance da radiação.</span></p><p dir=\"ltr\" style=\"line-height:1.3800000000000001;text-align: justify;margin-top:0pt;margin-bottom:3pt;\"><span style=\"font-size: 11pt; font-family: Arial; background-color: transparent; font-variant-numeric: normal; font-variant-east-asian: normal; vertical-align: baseline; white-space: pre-wrap;\">Com 5,9 kWh/m² de radiação global média, a região Nordeste se destaca também pela baixa diferenciação de incidência durante o ano. Apesar das variações regionais, porém, é pequena a diferença entre os índices de radiação registrados nas cinco diferentes regiões brasileiras. A região Sul, por exemplo, recebe a média de 5,0 kWh/m² por ano de incidência solar, valor acima do registrado em países como a Alemanha que se destaca no atlo potencial de produçao de energia solar mundial</span></p><br><p dir=\"ltr\" style=\"line-height:1.3800000000000001;text-align: justify;margin-top:0pt;margin-bottom:0pt;\"><span style=\"font-size: 12pt; font-family: Arial; background-color: transparent; font-weight: 700; font-variant-numeric: normal; font-variant-east-asian: normal; vertical-align: baseline; white-space: pre-wrap;\">Produção e consumo mundial</span></p><p dir=\"ltr\" style=\"line-height: 1.38; text-align: justify; margin-top: 0pt; margin-bottom: 3pt;\"><span style=\"font-size: 11pt; font-family: Arial; background-color: transparent; font-variant-numeric: normal; font-variant-east-asian: normal; vertical-align: baseline; white-space: pre-wrap;\">A produção de energia solar ainda representa uma pequena fatia na matriz energética global, porém, segundo o último relatório da </span><a href=\"https://www.iea.org/\"><span style=\"font-size: 11pt; font-family: Arial; color: rgb(0, 0, 0); background-color: transparent; font-style: italic; font-variant-numeric: normal; font-variant-east-asian: normal; vertical-align: baseline; white-space: pre-wrap;\">Agência Internacional de Energia</span></a><span style=\"font-size: 11pt; font-family: Arial; background-color: transparent; font-variant-numeric: normal; font-variant-east-asian: normal; vertical-align: baseline; white-space: pre-wrap;\">, esta é a fonte renovável que mais adiciona capacidade de geração em todo o mundo. 2017 foi excelente para o mercado de energia solar fotovoltaica. Embora muitos países tenham aumentado a potência instalada em sua matriz energética, a China continua liderando com folga o ranking de países que mais investem nessa fonte de energia. Para se ter uma ideia, no ano passado, os investimentos em energia solar no mundo somaram US$ 160,8 bilhões, sendo que, desse montante, US$ 86,5 bilhões foram gastos apenas na China. Vale ressaltar que </span><span style=\"font-size: 11pt; font-family: Arial; background-color: transparent; font-weight: 700; font-variant-numeric: normal; font-variant-east-asian: normal; vertical-align: baseline; white-space: pre-wrap;\">25% do total da potência mundial</span><span style=\"font-size: 11pt; font-family: Arial; background-color: transparent; font-variant-numeric: normal; font-variant-east-asian: normal; vertical-align: baseline; white-space: pre-wrap;\"> foi instalada somente em 2017, devido principalmente à competitividade da tecnologia. Apesar de aparecer na quarta colocação mundial, a Alemanha hoje representa o segundo maior mercado europeu, atrás da Turquia. A Espanha ainda não aparece na lista, mas especialistas apontam o país como uma nova promessa para o setor. O </span><span style=\"font-size: 11pt; font-family: Arial; background-color: transparent; font-weight: 700; font-variant-numeric: normal; font-variant-east-asian: normal; vertical-align: baseline; white-space: pre-wrap;\">Brasil aparece na décima posição</span><span style=\"font-size: 11pt; font-family: Arial; background-color: transparent; font-variant-numeric: normal; font-variant-east-asian: normal; vertical-align: baseline; white-space: pre-wrap;\"> no ranking mundial de potência instalada.</span></p><p dir=\"ltr\" style=\"line-height: 1.2; margin: 0pt -17.85pt; text-indent: 17.85pt; text-align: justify; padding: 0pt 0pt 3pt;\">&nbsp;</p><p dir=\"ltr\" style=\"line-height: 1.2; margin: 0pt -17.85pt 3pt; text-indent: 17.85pt; text-align: justify;\"><span style=\"font-size: 12pt; font-family: Arial; background-color: transparent; font-weight: 700; font-variant-numeric: normal; font-variant-east-asian: normal; vertical-align: baseline; white-space: pre-wrap;\">Curiosidades</span></p><ul style=\"margin-bottom: 0px;\"><li dir=\"ltr\" style=\"list-style-type: disc; font-size: 11pt; font-family: \" noto=\"\" sans=\"\" symbols\",=\"\" sans-serif;=\"\" background-color:=\"\" transparent;=\"\" font-variant-numeric:=\"\" normal;=\"\" font-variant-east-asian:=\"\" vertical-align:=\"\" baseline;=\"\" white-space:=\"\" pre;\"=\"\"><p dir=\"ltr\" style=\"line-height: 1.2; margin-right: -17.85pt; text-align: justify; margin-top: 0pt; margin-bottom: 0pt;\" role=\"presentation\"><span style=\"font-size: 11pt; font-family: Arial; background-color: transparent; font-variant-numeric: normal; font-variant-east-asian: normal; vertical-align: baseline; white-space: pre-wrap;\">A indústria de energia solar é uma das 5 que mais crescem no mundo.</span></p></li><li dir=\"ltr\" style=\"list-style-type: disc; font-size: 11pt; font-family: \" noto=\"\" sans=\"\" symbols\",=\"\" sans-serif;=\"\" background-color:=\"\" transparent;=\"\" font-variant-numeric:=\"\" normal;=\"\" font-variant-east-asian:=\"\" vertical-align:=\"\" baseline;=\"\" white-space:=\"\" pre;\"=\"\"><p dir=\"ltr\" style=\"line-height: 1.2; margin-right: -17.85pt; text-align: justify; margin-top: 0pt; margin-bottom: 0pt;\" role=\"presentation\"><span style=\"font-size: 11pt; font-family: Arial; background-color: transparent; font-variant-numeric: normal; font-variant-east-asian: normal; vertical-align: baseline; white-space: pre-wrap;\">Aproximadamente 30% da energia elétrica utilizada em uma casa é consumida pelo chuveiro elétrico. Ou seja, é possível economizar tudo isso com um aquecedor solar.</span></p></li><li dir=\"ltr\" style=\"list-style-type: disc; font-size: 11pt; font-family: \" noto=\"\" sans=\"\" symbols\",=\"\" sans-serif;=\"\" background-color:=\"\" transparent;=\"\" font-variant-numeric:=\"\" normal;=\"\" font-variant-east-asian:=\"\" vertical-align:=\"\" baseline;=\"\" white-space:=\"\" pre;\"=\"\"><p dir=\"ltr\" style=\"line-height: 1.2; margin-right: -17.85pt; text-align: justify; margin-top: 0pt; margin-bottom: 0pt;\" role=\"presentation\"><span style=\"font-size: 11pt; font-family: Arial; background-color: transparent; font-variant-numeric: normal; font-variant-east-asian: normal; vertical-align: baseline; white-space: pre-wrap;\">Um avião movido a energia solar sobrevoou os EUA por mais de 4.000 km.</span></p></li><li dir=\"ltr\" style=\"list-style-type: disc; font-size: 11pt; font-family: \" noto=\"\" sans=\"\" symbols\",=\"\" sans-serif;=\"\" background-color:=\"\" transparent;=\"\" font-variant-numeric:=\"\" normal;=\"\" font-variant-east-asian:=\"\" vertical-align:=\"\" baseline;=\"\" white-space:=\"\" pre;\"=\"\"><p dir=\"ltr\" style=\"line-height: 1.2; margin-right: -17.85pt; text-align: justify; margin-top: 0pt; margin-bottom: 3pt;\" role=\"presentation\"><span style=\"font-size: 11pt; font-family: Arial; background-color: transparent; font-variant-numeric: normal; font-variant-east-asian: normal; vertical-align: baseline; white-space: pre-wrap;\">Todos os anos a Austrália sedia uma corrida de carros elétricos movidos a energia solar. As velocidades médias dos carros ultrapassam os 100km/h</span></p></li></ul><h1 dir=\"ltr\" style=\"line-height: 1.38; text-align: center; margin-top: 20pt; margin-bottom: 0pt; padding: 0pt 0pt 11pt;\"><span style=\"font-size: 12pt; font-family: Arial; background-color: transparent; font-weight: 700; font-variant-numeric: normal; font-variant-east-asian: normal; vertical-align: baseline; white-space: pre-wrap;\">Novas tecnologias</span></h1><h2 dir=\"ltr\" style=\"line-height: 1.38; text-align: justify; margin-top: 0pt; margin-bottom: 0pt; padding: 0pt 0pt 7.2pt;\"><span style=\"font-size: 11pt; font-family: Arial; background-color: transparent; font-weight: 700; font-variant-numeric: normal; font-variant-east-asian: normal; vertical-align: baseline; white-space: pre-wrap;\">Telha solar:</span></h2><p dir=\"ltr\" style=\"line-height: 1.38; text-align: justify; margin-top: 0pt; margin-bottom: 0pt; padding: 0pt 0pt 7.2pt;\"><span style=\"font-size: 11pt; font-family: Arial; background-color: transparent; font-variant-numeric: normal; font-variant-east-asian: normal; vertical-align: baseline; white-space: pre-wrap;\">Você já deve ter ouvido falar nas telhas solares, que têm em seu corpo as células fotovoltaicas sobrepostas ou encapsuladas – substituindo a instalação das placas e de seus suportes especiais.</span></p><p dir=\"ltr\" style=\"line-height: 1.38; text-align: justify; margin-top: 0pt; margin-bottom: 0pt; padding: 0pt 0pt 7.2pt;\"><span style=\"font-size: 11pt; font-family: Arial; background-color: transparent; font-variant-numeric: normal; font-variant-east-asian: normal; vertical-align: baseline; white-space: pre-wrap;\">Desse modo, basta a substituição das telhas comuns pelas solares e interligar as conexões por debaixo delas com os fios presos por presilhas plásticas nas ripas de sustentação.</span></p><p dir=\"ltr\" style=\"line-height: 1.38; text-align: justify; margin-top: 0pt; margin-bottom: 0pt; padding: 0pt 0pt 7.2pt;\"><span style=\"font-size: 11pt; font-family: Arial; background-color: transparent; font-variant-numeric: normal; font-variant-east-asian: normal; vertical-align: baseline; white-space: pre-wrap;\">A grande novidade, porém, é a fabricação de uma nova geração de telhas solares da Tesla, conhecida empresa automotiva especializada em carros elétricos.</span></p><p dir=\"ltr\" style=\"line-height: 1.38; text-align: justify; margin-top: 0pt; margin-bottom: 0pt; padding: 0pt 0pt 7.2pt;\"><span style=\"font-size: 11pt; font-family: Arial; background-color: transparent; font-variant-numeric: normal; font-variant-east-asian: normal; vertical-align: baseline; white-space: pre-wrap;\">A proposta dessas novas telhas é modernizá-las ao ponto de não ser possível discernir se existem ou não telhas solares na casa. Apesar de aparência de telhas de barro ou pedra, na verdade, as fotovoltaicas da Tesla são produzidas em vidro temperado e texturizado.</span></p><p dir=\"ltr\" style=\"line-height: 1.38; text-align: justify; margin-top: 0pt; margin-bottom: 0pt; padding: 0pt 0pt 7.2pt;\"><span style=\"font-size: 11pt; font-family: Arial; background-color: transparent; font-variant-numeric: normal; font-variant-east-asian: normal; vertical-align: baseline; white-space: pre-wrap;\">Com isso, segundo a empresa, a resistência do telhado fica mantida, mas o material translúcido permite que a luz atravesse por ele com uma perda de apenas 2% ­– ou seja, há 98% de eficiência na produção da eletricidade.</span></p><h2 dir=\"ltr\" style=\"line-height: 1.38; text-align: justify; margin-top: 0pt; margin-bottom: 0pt; padding: 0pt 0pt 4pt;\"><span style=\"font-size: 11pt; font-family: Arial; background-color: transparent; font-weight: 700; font-variant-numeric: normal; font-variant-east-asian: normal; vertical-align: baseline; white-space: pre-wrap;\">Carros movidos à energia solar</span></h2><p dir=\"ltr\" style=\"line-height: 1.38; text-align: justify; margin-top: 0pt; margin-bottom: 0pt; padding: 0pt 0pt 9pt;\"><span style=\"font-size: 10.5pt; font-family: Arial; background-color: transparent; font-variant-numeric: normal; font-variant-east-asian: normal; vertical-align: baseline; white-space: pre-wrap;\">Os carros movidos à energia solar ainda estão na fase de protótipos, mas algumas empresas já prometem lançar, em breve, os primeiros veículos.</span></p><p dir=\"ltr\" style=\"line-height: 1.38; text-align: justify; margin-top: 0pt; margin-bottom: 0pt; padding: 0pt 0pt 9pt;\"><span style=\"font-size: 10.5pt; font-family: Arial; background-color: transparent; font-variant-numeric: normal; font-variant-east-asian: normal; vertical-align: baseline; white-space: pre-wrap;\">É o caso da chinesa Hanergy, que já apresentou quatro protótipos de carros mais parecidos com os modelos atuais (embora ainda sejam rebuscados). Neles, o teto e o capô são cobertos por células solares e transmitem 31,6% de energia solar direto para as baterias.</span></p><p dir=\"ltr\" style=\"line-height: 1.38; text-align: justify; margin-top: 0pt; margin-bottom: 0pt; padding: 0pt 0pt 9pt;\"><span style=\"font-size: 10.5pt; font-family: Arial; background-color: transparent; font-variant-numeric: normal; font-variant-east-asian: normal; vertical-align: baseline; white-space: pre-wrap;\">Mesmo que ainda seja pouco, esse já é um recorde para o setor. No caso de um dos modelos, segundo a empresa, é possível rodar cerca de 80 km apenas com a força da energia solar. Já para viagens mais longas ou dias nublados, o carro usa uma bateria elétrica com 350 km de autonomia.</span></p><h2 dir=\"ltr\" style=\"line-height: 1.38; text-align: justify; margin-top: 0pt; margin-bottom: 0pt; padding: 0pt 0pt 4pt;\"><span style=\"font-size: 11pt; font-family: Arial; background-color: transparent; font-weight: 700; font-variant-numeric: normal; font-variant-east-asian: normal; vertical-align: baseline; white-space: pre-wrap;\">Vidros fotovoltaicos</span></h2><p dir=\"ltr\" style=\"line-height: 1.38; text-align: justify; margin-top: 0pt; margin-bottom: 0pt; padding: 0pt 0pt 9pt;\"><span style=\"font-size: 10.5pt; font-family: Arial; background-color: transparent; font-variant-numeric: normal; font-variant-east-asian: normal; vertical-align: baseline; white-space: pre-wrap;\">Eles são vidros simples (laminados ou duplos), em que são instaladas pequenas lâminas de células fotovoltaicas de silício, que é um material semicondutor. O resultado é a conversão da radiação solar em eletricidade.</span></p><p dir=\"ltr\" style=\"line-height: 1.38; text-align: justify; margin-top: 0pt; margin-bottom: 9pt;\"><span style=\"font-size: 10.5pt; font-family: Arial; background-color: transparent; font-variant-numeric: normal; font-variant-east-asian: normal; vertical-align: baseline; white-space: pre-wrap;\">Esses vidros fotovoltaicos já são muito utilizados na Europa, em fachadas de prédios e nas coberturas para aumentar os ganhos energéticos, que chegam a 16% de eficiência, sendo, portanto, um complemento à energia solar fotovoltaica convencional.</span></p><div dir=\"ltr\" style=\"margin-left:-5.4pt;\" align=\"left\"><table style=\"border: none;\"><colgroup><col width=\"360\"><col width=\"360\"></colgroup><tbody><tr style=\"height:0pt\"><td style=\"border-left:solid #000000 0.5pt;border-right:solid #000000 0.5pt;border-bottom:solid #000000 0.5pt;border-top:solid #000000 0.5pt;vertical-align:top;padding:0pt 5.4pt 0pt 5.4pt;overflow:hidden;overflow-wrap:break-word;\"><p dir=\"ltr\" style=\"line-height:1.2;text-align: center;margin-top:0pt;margin-bottom:9pt;\"><span style=\"font-size: 11pt; font-family: Arial; color: rgb(0, 0, 0); background-color: transparent; font-weight: 700; font-variant-numeric: normal; font-variant-east-asian: normal; vertical-align: baseline; white-space: pre-wrap;\">Vantagens</span></p></td><td style=\"border-left:solid #000000 0.5pt;border-right:solid #000000 0.5pt;border-bottom:solid #000000 0.5pt;border-top:solid #000000 0.5pt;vertical-align:top;padding:0pt 5.4pt 0pt 5.4pt;overflow:hidden;overflow-wrap:break-word;\"><p dir=\"ltr\" style=\"line-height:1.2;text-align: center;margin-top:0pt;margin-bottom:9pt;\"><span style=\"font-size: 11pt; font-family: Arial; color: rgb(0, 0, 0); background-color: transparent; font-weight: 700; font-variant-numeric: normal; font-variant-east-asian: normal; vertical-align: baseline; white-space: pre-wrap;\">Desvantagens</span></p></td></tr><tr style=\"height:0pt\"><td style=\"border-left:solid #000000 0.5pt;border-right:solid #000000 0.5pt;border-bottom:solid #000000 0.5pt;border-top:solid #000000 0.5pt;vertical-align:top;padding:0pt 5.4pt 0pt 5.4pt;overflow:hidden;overflow-wrap:break-word;\"><p dir=\"ltr\" style=\"line-height:1.2;text-align: justify;margin-top:0pt;margin-bottom:3pt;\"><span style=\"font-size: 10.5pt; font-family: Arial; color: rgb(0, 0, 0); background-color: transparent; font-variant-numeric: normal; font-variant-east-asian: normal; vertical-align: baseline; white-space: pre-wrap;\">Fonte renovável e inesgotável de energia.</span></p><p dir=\"ltr\" style=\"line-height:1.2;text-align: justify;margin-top:0pt;margin-bottom:3pt;\"><span style=\"font-size: 10.5pt; font-family: Arial; color: rgb(0, 0, 0); background-color: transparent; font-variant-numeric: normal; font-variant-east-asian: normal; vertical-align: baseline; white-space: pre-wrap;\">Não poluente.</span></p><p dir=\"ltr\" style=\"line-height:1.2;text-align: justify;margin-top:0pt;margin-bottom:3pt;\"><span style=\"font-size: 10.5pt; font-family: Arial; color: rgb(0, 0, 0); background-color: transparent; font-variant-numeric: normal; font-variant-east-asian: normal; vertical-align: baseline; white-space: pre-wrap;\">Exige pouca manutenção em suas centrais de produção.</span></p><p dir=\"ltr\" style=\"line-height:1.2;text-align: justify;margin-top:0pt;margin-bottom:3pt;\"><span style=\"font-size: 10.5pt; font-family: Arial; color: rgb(0, 0, 0); background-color: transparent; font-variant-numeric: normal; font-variant-east-asian: normal; vertical-align: baseline; white-space: pre-wrap;\">Exige pouca manutenção em suas centrais de produção.</span></p><p dir=\"ltr\" style=\"line-height:1.2;text-align: justify;margin-top:0pt;margin-bottom:3pt;\"><span style=\"font-size: 10.5pt; font-family: Arial; color: rgb(0, 0, 0); background-color: transparent; font-variant-numeric: normal; font-variant-east-asian: normal; vertical-align: baseline; white-space: pre-wrap;\">Painéis solares cada vez mais eficientes e com custos cada vez mais baixos.</span></p><p dir=\"ltr\" style=\"line-height:1.2;text-align: justify;margin-top:0pt;margin-bottom:3pt;\"><span style=\"font-size: 10.5pt; font-family: Arial; color: rgb(0, 0, 0); background-color: transparent; font-variant-numeric: normal; font-variant-east-asian: normal; vertical-align: baseline; white-space: pre-wrap;\">Fonte de energia viável para lugares afastados e de difícil acesso, visto que não necessita de grandes investimentos na manutenção de equipamentos.</span></p><p dir=\"ltr\" style=\"line-height:1.2;text-align: justify;margin-top:0pt;margin-bottom:3pt;\"><span style=\"font-size: 10.5pt; font-family: Arial; color: rgb(0, 0, 0); background-color: transparent; font-variant-numeric: normal; font-variant-east-asian: normal; vertical-align: baseline; white-space: pre-wrap;\">Excelente fonte de energia para países tropicais, como o Brasil, cuja radiação solar costuma ser intensa durante boa parte do ano.</span></p><p dir=\"ltr\" style=\"line-height:1.2;text-align: justify;margin-top:0pt;margin-bottom:3pt;\"><span style=\"font-size: 10.5pt; font-family: Arial; color: rgb(0, 0, 0); background-color: transparent; font-variant-numeric: normal; font-variant-east-asian: normal; vertical-align: baseline; white-space: pre-wrap;\">Requer áreas menos extensas para ser produzida</span></p></td><td style=\"border-left:solid #000000 0.5pt;border-right:solid #000000 0.5pt;border-bottom:solid #000000 0.5pt;border-top:solid #000000 0.5pt;vertical-align:top;padding:0pt 5.4pt 0pt 5.4pt;overflow:hidden;overflow-wrap:break-word;\"><p dir=\"ltr\" style=\"line-height:1.2;text-align: justify;margin-top:0pt;margin-bottom:3pt;\"><span style=\"font-size: 11pt; font-family: Arial; color: rgb(0, 0, 0); background-color: transparent; font-variant-numeric: normal; font-variant-east-asian: normal; vertical-align: baseline; white-space: pre-wrap;\">Para ser fabricado, um painel solar consome grande quantidade de energia, que, às vezes, é maior do que a própria energia gerada por ele.</span></p><p dir=\"ltr\" style=\"line-height:1.2;text-align: justify;margin-top:0pt;margin-bottom:3pt;\"><span style=\"font-size: 11pt; font-family: Arial; color: rgb(0, 0, 0); background-color: transparent; font-variant-numeric: normal; font-variant-east-asian: normal; vertical-align: baseline; white-space: pre-wrap;\">Preços elevados em relação à produção de energia por meio de fontes não renováveis.</span></p><p dir=\"ltr\" style=\"line-height:1.2;text-align: justify;margin-top:0pt;margin-bottom:3pt;\"><span style=\"font-size: 11pt; font-family: Arial; color: rgb(0, 0, 0); background-color: transparent; font-variant-numeric: normal; font-variant-east-asian: normal; vertical-align: baseline; white-space: pre-wrap;\">Produção variável de acordo com as condições atmosféricas.</span></p><p dir=\"ltr\" style=\"line-height:1.2;text-align: justify;margin-top:0pt;margin-bottom:3pt;\"><span style=\"font-size: 11pt; font-family: Arial; color: rgb(0, 0, 0); background-color: transparent; font-variant-numeric: normal; font-variant-east-asian: normal; vertical-align: baseline; white-space: pre-wrap;\">Durante a noite, a energia solar não é produzida.</span></p><p dir=\"ltr\" style=\"line-height:1.2;text-align: justify;margin-top:0pt;margin-bottom:3pt;\"><span style=\"font-size: 11pt; font-family: Arial; color: rgb(0, 0, 0); background-color: transparent; font-variant-numeric: normal; font-variant-east-asian: normal; vertical-align: baseline; white-space: pre-wrap;\">Regiões localizadas em latitudes médias/altas produzem pouca energia durante o inverno</span></p><p dir=\"ltr\" style=\"line-height:1.2;text-align: justify;margin-top:0pt;margin-bottom:3pt;\"><span style=\"font-size: 11pt; font-family: Arial; color: rgb(0, 0, 0); background-color: transparent; font-variant-numeric: normal; font-variant-east-asian: normal; vertical-align: baseline; white-space: pre-wrap;\">O armazenamento desse tipo de energia é pouco eficiente se comparado à energia hidrelétrica, aos combustíveis fósseis e à biomassa.</span></p></td></tr></tbody></table></div><p dir=\"ltr\" style=\"line-height: 1.38; text-align: justify; margin-top: 0pt; margin-bottom: 0pt; padding: 0pt 0pt 9pt;\">&nbsp;</p><p dir=\"ltr\" style=\"line-height: 1.2; text-align: justify; margin-top: 0pt; margin-bottom: 0pt; padding: 0pt 0pt 11pt;\"><span style=\"font-size: 12pt; font-family: Arial; background-color: transparent; font-weight: 700; font-variant-numeric: normal; font-variant-east-asian: normal; vertical-align: baseline; white-space: pre-wrap;\">Reportagem atual:</span></p><p dir=\"ltr\" style=\"line-height: 1.2; text-align: justify; margin-top: 0pt; margin-bottom: 0pt; padding: 0pt 0pt 3pt;\"><span style=\"font-size: 11pt; font-family: Arial; background-color: transparent; font-variant-numeric: normal; font-variant-east-asian: normal; vertical-align: baseline; white-space: pre-wrap;\">Energia solar ultrapassa energia nuclear em capacidade instalada no brasil. O Brasil alcançou em março deste ano a marca de 2.056 megawatts (MW) de capacidade instalada em usinas de energia fotovoltaica, o que fez com que superássemos a capacidade das usinas nucleares instaladas no país.</span></p><p dir=\"ltr\" style=\"line-height: 1.2; text-align: justify; margin-top: 0pt; margin-bottom: 0pt; padding: 0pt 0pt 3pt;\"><span style=\"font-size: 11pt; font-family: Arial; background-color: transparent; font-variant-numeric: normal; font-variant-east-asian: normal; vertical-align: baseline; white-space: pre-wrap;\">Com a energia solar ultrapassando a capacidade instalada em energia nuclear tivemos uma alteração na matriz elétrica brasileira.</span></p><p dir=\"ltr\" style=\"line-height: 1.2; text-align: justify; margin-top: 0pt; margin-bottom: 0pt; padding: 0pt 0pt 3pt;\"><span style=\"font-size: 11pt; font-family: Arial; background-color: transparent; font-variant-numeric: normal; font-variant-east-asian: normal; vertical-align: baseline; white-space: pre-wrap;\">Agora, a energia solar passou a ocupar a 7ª posição (ver imagem abaixo) na matriz elétrica do país.</span></p><p dir=\"ltr\" style=\"line-height: 1.2; text-align: justify; margin-top: 0pt; margin-bottom: 0pt; padding: 0pt 0pt 3pt;\"><span style=\"font-size: 11pt; font-family: Arial; background-color: transparent; font-variant-numeric: normal; font-variant-east-asian: normal; vertical-align: baseline; white-space: pre-wrap;\">A energia nuclear, que é proveniente das usinas de Angra I e Angra II, possui uma capacidade de geração de 1.990 MW.</span></p><p dir=\"ltr\" style=\"line-height: 1.2; text-align: justify; margin-top: 0pt; margin-bottom: 0pt; padding: 0pt 0pt 3pt;\">&nbsp;</p><p dir=\"ltr\" style=\"line-height: 1.2; text-align: justify; margin-top: 0pt; margin-bottom: 0pt; padding: 0pt 0pt 3pt;\"><span style=\"font-size: 14pt; font-family: Arial; background-color: transparent; font-weight: 700; font-variant-numeric: normal; font-variant-east-asian: normal; vertical-align: baseline; white-space: pre-wrap;\">Referências:</span></p><p dir=\"ltr\" style=\"line-height:1.2;text-align: justify;margin-top:0pt;margin-bottom:4.800000000000001pt;\"><span style=\"font-size: 10pt; font-family: Arial; background-color: transparent; font-weight: 700; font-variant-numeric: normal; font-variant-east-asian: normal; vertical-align: baseline; white-space: pre-wrap;\">O que é</span></p><p dir=\"ltr\" style=\"line-height:1.2;text-align: justify;margin-top:0pt;margin-bottom:4.800000000000001pt;\"><a href=\"https://www.portalsolar.com.br/o-que-e-energia-solar-.html\"><span style=\"font-size: 10pt; font-family: Arial; color: rgb(0, 0, 0); background-color: transparent; font-variant-numeric: normal; font-variant-east-asian: normal; text-decoration-line: underline; text-decoration-skip-ink: none; vertical-align: baseline; white-space: pre-wrap;\">https://www.portalsolar.com.br/o-que-e-energia-solar-.html</span></a><span style=\"font-size: 10pt; font-family: Arial; background-color: transparent; font-variant-numeric: normal; font-variant-east-asian: normal; vertical-align: baseline; white-space: pre-wrap;\">&nbsp;</span></p><p dir=\"ltr\" style=\"line-height:1.3800000000000001;margin-top:0pt;margin-bottom:4.800000000000001pt;\"><span style=\"font-size: 10pt; font-family: Arial; background-color: transparent; font-weight: 700; font-variant-numeric: normal; font-variant-east-asian: normal; vertical-align: baseline; white-space: pre-wrap;\">Produção</span></p><p dir=\"ltr\" style=\"line-height:1.3800000000000001;margin-top:0pt;margin-bottom:4.800000000000001pt;\"><a href=\"https://www.terra.com.br/noticias/dino/saiba-mais-como-e-produzida-a-energia-solar,7b755dd461fd45df0ddac73885eac97996lifwor.html\"><span style=\"font-size: 10pt; font-family: Arial; color: rgb(0, 0, 0); background-color: transparent; font-variant-numeric: normal; font-variant-east-asian: normal; text-decoration-line: underline; text-decoration-skip-ink: none; vertical-align: baseline; white-space: pre-wrap;\">https://www.terra.com.br/noticias/dino/saiba-mais-como-e-produzida-a-energia-solar,7b755dd461fd45df0ddac73885eac97996lifwor.html</span></a></p><p dir=\"ltr\" style=\"line-height:1.3800000000000001;margin-top:0pt;margin-bottom:4.800000000000001pt;\"><span style=\"font-size: 10pt; font-family: Arial; background-color: transparent; font-weight: 700; font-variant-numeric: normal; font-variant-east-asian: normal; vertical-align: baseline; white-space: pre-wrap;\">Calorífica</span></p><p dir=\"ltr\" style=\"line-height:1.3800000000000001;margin-top:0pt;margin-bottom:4.800000000000001pt;\"><a href=\"https://brainly.com.br/tarefa/4839002\"><span style=\"font-size: 10pt; font-family: Arial; color: rgb(0, 0, 0); font-weight: 700; font-variant-numeric: normal; font-variant-east-asian: normal; text-decoration-line: underline; text-decoration-skip-ink: none; vertical-align: baseline; white-space: pre-wrap;\">https://brainly.com.br/tarefa/4839002</span></a></p><p dir=\"ltr\" style=\"line-height:1.3800000000000001;margin-top:0pt;margin-bottom:4.800000000000001pt;\"><span style=\"font-size: 10pt; font-family: Arial; background-color: transparent; font-weight: 700; font-variant-numeric: normal; font-variant-east-asian: normal; vertical-align: baseline; white-space: pre-wrap;\">Termoelétricas</span></p><p dir=\"ltr\" style=\"line-height:1.3800000000000001;margin-top:0pt;margin-bottom:4.800000000000001pt;\"><a href=\"https://pt.solar-energia.net/solar-termica/estacao-energia-solar\"><span style=\"font-size: 10pt; font-family: Arial; color: rgb(0, 0, 0); background-color: transparent; font-variant-numeric: normal; font-variant-east-asian: normal; text-decoration-line: underline; text-decoration-skip-ink: none; vertical-align: baseline; white-space: pre-wrap;\">https://pt.solar-energia.net/solar-termica/estacao-energia-solar</span></a></p><p dir=\"ltr\" style=\"line-height:1.2;text-align: justify;margin-top:0pt;margin-bottom:4.800000000000001pt;\"><a href=\"https://pt.solar-energia.net/definicoes/energia-solar-termica.html\"><span style=\"font-size: 10pt; font-family: Arial; color: rgb(0, 0, 0); background-color: transparent; font-variant-numeric: normal; font-variant-east-asian: normal; text-decoration-line: underline; text-decoration-skip-ink: none; vertical-align: baseline; white-space: pre-wrap;\">https://pt.solar-energia.net/definicoes/energia-solar-termica.html</span></a></p><p dir=\"ltr\" style=\"line-height:1.2;text-align: justify;margin-top:0pt;margin-bottom:4.800000000000001pt;\"><span style=\"font-size: 10pt; font-family: Arial; background-color: transparent; font-weight: 700; font-variant-numeric: normal; font-variant-east-asian: normal; vertical-align: baseline; white-space: pre-wrap;\">Fotovoltaica</span></p><p dir=\"ltr\" style=\"line-height:1.2;text-align: justify;margin-top:0pt;margin-bottom:4.800000000000001pt;\"><a href=\"https://www.neosolar.com.br/aprenda/saiba-mais/energia-solar-fotovoltaica\"><span style=\"font-size: 10pt; font-family: Arial; color: rgb(0, 0, 0); background-color: transparent; font-variant-numeric: normal; font-variant-east-asian: normal; text-decoration-line: underline; text-decoration-skip-ink: none; vertical-align: baseline; white-space: pre-wrap;\">https://www.neosolar.com.br/aprenda/saiba-mais/energia-solar-fotovoltaica</span></a><span style=\"font-size: 10pt; font-family: Arial; background-color: transparent; font-variant-numeric: normal; font-variant-east-asian: normal; vertical-align: baseline; white-space: pre-wrap;\">&nbsp;</span></p><p dir=\"ltr\" style=\"line-height:1.2;text-align: justify;margin-top:0pt;margin-bottom:4.800000000000001pt;\"><span style=\"font-size: 10pt; font-family: Arial; background-color: transparent; font-weight: 700; font-variant-numeric: normal; font-variant-east-asian: normal; vertical-align: baseline; white-space: pre-wrap;\">Potencial</span></p><p dir=\"ltr\" style=\"line-height:1.2;text-align: justify;margin-top:0pt;margin-bottom:4.800000000000001pt;\"><a href=\"https://www.portalsolar.com.br/o-que-e-energia-solar-.html\"><span style=\"font-size: 10pt; font-family: Arial; color: rgb(0, 0, 0); background-color: transparent; font-variant-numeric: normal; font-variant-east-asian: normal; text-decoration-line: underline; text-decoration-skip-ink: none; vertical-align: baseline; white-space: pre-wrap;\">https://www.portalsolar.com.br/o-que-e-energia-solar-.html</span></a><span style=\"font-size: 10pt; font-family: Arial; background-color: transparent; font-variant-numeric: normal; font-variant-east-asian: normal; vertical-align: baseline; white-space: pre-wrap;\">&nbsp;</span></p><p dir=\"ltr\" style=\"line-height:1.2;text-align: justify;margin-top:0pt;margin-bottom:4.800000000000001pt;\"><span style=\"font-size: 10pt; font-family: Arial; background-color: transparent; font-weight: 700; font-variant-numeric: normal; font-variant-east-asian: normal; vertical-align: baseline; white-space: pre-wrap;\">Influências</span></p><p dir=\"ltr\" style=\"line-height:1.2;text-align: justify;margin-top:0pt;margin-bottom:4.800000000000001pt;\"><a href=\"http://fep.if.usp.br/~profis/arquivos/GREF/termo7-2.pdf\"><span style=\"font-size: 10pt; font-family: Arial; color: rgb(0, 0, 0); background-color: transparent; font-variant-numeric: normal; font-variant-east-asian: normal; text-decoration-line: underline; text-decoration-skip-ink: none; vertical-align: baseline; white-space: pre-wrap;\">http://fep.if.usp.br/~profis/arquivos/GREF/termo7-2.pdf</span></a></p><p dir=\"ltr\" style=\"line-height:1.2;text-align: justify;margin-top:0pt;margin-bottom:4.800000000000001pt;\"><br></p><div><br></div></span>					    						    ', 'Energia solar é a energia proveniente da luz e do calor do Sol que é aproveitada e utilizada por meio de diferentes tecnologias, principalmente como o aquecimento solar, energia solar fotovoltaica, energia heliotérmica e arquitetura solar. ');
INSERT INTO `artigos` (`codArtigo`, `dataArtigo`, `titulo`, `imgArtigo`, `uploadArtigo`, `disciplina_codDisciplina`, `professores_codProfessor`, `alunos_codAluno`, `corpo`, `resumo`) VALUES
(142, '2019-11-27 09:54:42', 'Complemento de energia solar', NULL, NULL, 4, NULL, 22, '<span id=\"docs-internal-guid-8fb4fd5c-7fff-9e74-cd2d-ec78eb72c903\"><p dir=\"ltr\" style=\"line-height:1.38;text-align: justify;margin-top:0pt;margin-bottom:0pt;\"><span style=\"font-size: 12pt; font-family: Comfortaa; background-color: transparent; font-weight: 700; font-variant-numeric: normal; font-variant-east-asian: normal; vertical-align: baseline; white-space: pre-wrap;\">Reportagens Atuais:&nbsp;</span></p><ul style=\"margin-bottom: 0px;\"><li dir=\"ltr\" style=\"list-style-type: disc; font-size: 11pt; font-family: Arial; background-color: transparent; font-variant-numeric: normal; font-variant-east-asian: normal; vertical-align: baseline; white-space: pre;\"><p dir=\"ltr\" style=\"line-height:1.38;text-align: justify;margin-top:0pt;margin-bottom:0pt;\" role=\"presentation\"><span style=\"font-size: 11pt; background-color: transparent; font-weight: 700; font-variant-numeric: normal; font-variant-east-asian: normal; vertical-align: baseline; white-space: pre-wrap; font-family: Comfortaa;\">Reportagem 1: </span><span style=\"font-size: 11pt; background-color: transparent; font-variant-numeric: normal; font-variant-east-asian: normal; vertical-align: baseline; white-space: pre-wrap; font-family: Comfortaa;\">Energia solar ultrapassa energia nuclear em capacidade instalada no Brasil</span></p></li></ul><p dir=\"ltr\" style=\"line-height:1.38;text-align: justify;margin-top:0pt;margin-bottom:0pt;\"><span style=\"font-size: 11pt; font-family: Comfortaa; background-color: transparent; font-weight: 700; font-variant-numeric: normal; font-variant-east-asian: normal; vertical-align: baseline; white-space: pre-wrap;\">Fonte:</span><span style=\"font-size: 11pt; font-family: Comfortaa; background-color: transparent; font-variant-numeric: normal; font-variant-east-asian: normal; vertical-align: baseline; white-space: pre-wrap;\"> Ponto Solar</span><span style=\"font-size: 11pt; font-family: Arial; background-color: transparent; font-variant-numeric: normal; font-variant-east-asian: normal; vertical-align: baseline; white-space: pre-wrap;\"><span class=\"Apple-tab-span\" style=\"white-space: pre; font-family: Comfortaa;\">	</span></span><span style=\"font-size: 11pt; font-family: Arial; background-color: transparent; font-variant-numeric: normal; font-variant-east-asian: normal; vertical-align: baseline; white-space: pre-wrap;\"><span class=\"Apple-tab-span\" style=\"white-space: pre; font-family: Comfortaa;\">	</span></span><span style=\"font-size: 11pt; font-family: Arial; background-color: transparent; font-variant-numeric: normal; font-variant-east-asian: normal; vertical-align: baseline; white-space: pre-wrap;\"><span class=\"Apple-tab-span\" style=\"white-space: pre; font-family: Comfortaa;\">	</span></span><span style=\"font-size: 11pt; font-family: Arial; background-color: transparent; font-variant-numeric: normal; font-variant-east-asian: normal; vertical-align: baseline; white-space: pre-wrap;\"><span class=\"Apple-tab-span\" style=\"white-space: pre; font-family: Comfortaa;\">	</span></span><span style=\"font-size: 11pt; font-family: Arial; background-color: transparent; font-variant-numeric: normal; font-variant-east-asian: normal; vertical-align: baseline; white-space: pre-wrap;\"><span class=\"Apple-tab-span\" style=\"white-space: pre; font-family: Comfortaa;\">	</span></span><span style=\"font-size: 11pt; font-family: Arial; background-color: transparent; font-variant-numeric: normal; font-variant-east-asian: normal; vertical-align: baseline; white-space: pre-wrap;\"><span class=\"Apple-tab-span\" style=\"white-space: pre; font-family: Comfortaa;\">	</span></span><span style=\"font-size: 11pt; font-family: Arial; background-color: transparent; font-variant-numeric: normal; font-variant-east-asian: normal; vertical-align: baseline; white-space: pre-wrap;\"><span class=\"Apple-tab-span\" style=\"white-space: pre; font-family: Comfortaa;\">	</span></span><span style=\"font-size: 11pt; font-family: Comfortaa; background-color: transparent; font-variant-numeric: normal; font-variant-east-asian: normal; vertical-align: baseline; white-space: pre-wrap;\">&nbsp; &nbsp; &nbsp; &nbsp; &nbsp; </span><span style=\"font-size: 11pt; font-family: Comfortaa; background-color: transparent; font-weight: 700; font-variant-numeric: normal; font-variant-east-asian: normal; vertical-align: baseline; white-space: pre-wrap;\">Data:</span><span style=\"font-size: 11pt; font-family: Comfortaa; background-color: transparent; font-variant-numeric: normal; font-variant-east-asian: normal; vertical-align: baseline; white-space: pre-wrap;\"> 11/abril/201</span><span style=\"font-size: 11pt; font-family: Comfortaa; background-color: transparent; font-style: italic; font-variant-numeric: normal; font-variant-east-asian: normal; vertical-align: baseline; white-space: pre-wrap;\">9</span></p><p dir=\"ltr\" style=\"line-height:1.38;text-align: justify;margin-top:0pt;margin-bottom:0pt;\"><span style=\"font-size: 11pt; font-family: Comfortaa; background-color: transparent; font-style: italic; font-variant-numeric: normal; font-variant-east-asian: normal; vertical-align: baseline; white-space: pre-wrap;\">(a reportagem está no resumo)</span></p><br><ul style=\"margin-bottom: 0px;\"><li dir=\"ltr\" style=\"list-style-type: disc; font-size: 11pt; font-family: Arial; background-color: transparent; font-variant-numeric: normal; font-variant-east-asian: normal; vertical-align: baseline; white-space: pre;\"><p dir=\"ltr\" style=\"line-height:1.38;text-align: justify;margin-top:0pt;margin-bottom:0pt;\" role=\"presentation\"><span style=\"font-size: 11pt; background-color: transparent; font-weight: 700; font-variant-numeric: normal; font-variant-east-asian: normal; vertical-align: baseline; white-space: pre-wrap; font-family: Comfortaa;\">Reportagem 2:</span><span style=\"font-size: 11pt; background-color: transparent; font-variant-numeric: normal; font-variant-east-asian: normal; vertical-align: baseline; white-space: pre-wrap; font-family: Comfortaa;\"> Parque solar em Bom Jesus da Lapa é vendido à chineses</span></p></li></ul><p dir=\"ltr\" style=\"line-height:1.38;text-align: justify;margin-top:0pt;margin-bottom:0pt;\"><span style=\"font-size: 11pt; font-family: Comfortaa; background-color: transparent; font-weight: 700; font-variant-numeric: normal; font-variant-east-asian: normal; vertical-align: baseline; white-space: pre-wrap;\">Fonte: </span><span style=\"font-size: 11pt; font-family: Comfortaa; background-color: transparent; font-variant-numeric: normal; font-variant-east-asian: normal; vertical-align: baseline; white-space: pre-wrap;\">Notícias da Lapa</span><span style=\"font-size: 11pt; font-family: Arial; background-color: transparent; font-variant-numeric: normal; font-variant-east-asian: normal; vertical-align: baseline; white-space: pre-wrap;\"><span class=\"Apple-tab-span\" style=\"white-space: pre; font-family: Comfortaa;\">	</span></span><span style=\"font-size: 11pt; font-family: Arial; background-color: transparent; font-variant-numeric: normal; font-variant-east-asian: normal; vertical-align: baseline; white-space: pre-wrap;\"><span class=\"Apple-tab-span\" style=\"white-space: pre; font-family: Comfortaa;\">	</span></span><span style=\"font-size: 11pt; font-family: Comfortaa; background-color: transparent; font-variant-numeric: normal; font-variant-east-asian: normal; vertical-align: baseline; white-space: pre-wrap;\"> </span><span style=\"font-size: 11pt; font-family: Arial; background-color: transparent; font-variant-numeric: normal; font-variant-east-asian: normal; vertical-align: baseline; white-space: pre-wrap;\"><span class=\"Apple-tab-span\" style=\"white-space: pre; font-family: Comfortaa;\">	</span></span><span style=\"font-size: 11pt; font-family: Arial; background-color: transparent; font-variant-numeric: normal; font-variant-east-asian: normal; vertical-align: baseline; white-space: pre-wrap;\"><span class=\"Apple-tab-span\" style=\"white-space: pre; font-family: Comfortaa;\">	</span></span><span style=\"font-size: 11pt; font-family: Arial; background-color: transparent; font-variant-numeric: normal; font-variant-east-asian: normal; vertical-align: baseline; white-space: pre-wrap;\"><span class=\"Apple-tab-span\" style=\"white-space: pre; font-family: Comfortaa;\">	</span></span><span style=\"font-size: 11pt; font-family: Arial; background-color: transparent; font-variant-numeric: normal; font-variant-east-asian: normal; vertical-align: baseline; white-space: pre-wrap;\"><span class=\"Apple-tab-span\" style=\"white-space: pre; font-family: Comfortaa;\">	</span></span><span style=\"font-size: 11pt; font-family: Comfortaa; background-color: transparent; font-variant-numeric: normal; font-variant-east-asian: normal; vertical-align: baseline; white-space: pre-wrap;\">&nbsp; &nbsp; &nbsp; &nbsp; </span><span style=\"font-size: 11pt; font-family: Comfortaa; background-color: transparent; font-weight: 700; font-variant-numeric: normal; font-variant-east-asian: normal; vertical-align: baseline; white-space: pre-wrap;\">&nbsp;Data:</span><span style=\"font-size: 11pt; font-family: Comfortaa; background-color: transparent; font-variant-numeric: normal; font-variant-east-asian: normal; vertical-align: baseline; white-space: pre-wrap;\"> 28/maio/2019</span></p><br><p dir=\"ltr\" style=\"line-height:1.38;text-align: justify;margin-top:0pt;margin-bottom:0pt;\"><span style=\"font-size: 11pt; font-family: Comfortaa; background-color: transparent; font-variant-numeric: normal; font-variant-east-asian: normal; vertical-align: baseline; white-space: pre-wrap;\">A italiana&nbsp; Enel Green Power Brasil Participações Ltda&nbsp; assinou acordos com a empresa chinesa CGN Energy International Holdings Co. Limited para a venda de 100% do parque&nbsp; solar  Lapa (158 MW),  em Bom Jesus da Lapa.</span></p><p dir=\"ltr\" style=\"line-height:1.38;text-align: justify;margin-top:0pt;margin-bottom:0pt;\"><span style=\"font-size: 11pt; font-family: Comfortaa; background-color: transparent; font-variant-numeric: normal; font-variant-east-asian: normal; vertical-align: baseline; white-space: pre-wrap;\">Além da usina&nbsp; de Bom Jesus da Lapa, estão sendo vendidas também, o parque eólico de Cristalândia, de 90 MW, no município de Brumado, e parque solar de&nbsp; Nova Olinda (292 MW), no Piauí. As três plantas renováveis em operações  somam 540 MW, e o  valor total da transação, a ser pago na conclusão da venda, é equivalente ao valor de mercado dos ativos e soma aproximadamente R$ 2,9 bilhões, ou ou 700 milhões de euros.</span></p><p dir=\"ltr\" style=\"line-height:1.38;text-align: justify;margin-top:0pt;margin-bottom:0pt;\"><span style=\"font-size: 11pt; font-family: Comfortaa; background-color: transparent; font-variant-numeric: normal; font-variant-east-asian: normal; vertical-align: baseline; white-space: pre-wrap;\">A conclusão da venda das três plantas está prevista para até o final do primeiro trimestre de 2019, sujeita ao cumprimento de condições prévias, incluindo a aprovação das autoridades antitruste brasileiras. Os valores estão sujeitos a ajustes em linha com as práticas padrão de mercado para este tipo de transação.</span></p><br><ul style=\"margin-bottom: 0px;\"><li dir=\"ltr\" style=\"list-style-type: disc; font-size: 11pt; font-family: Arial; background-color: transparent; font-variant-numeric: normal; font-variant-east-asian: normal; vertical-align: baseline; white-space: pre;\"><p dir=\"ltr\" style=\"line-height:1.38;text-align: justify;margin-top:0pt;margin-bottom:0pt;\" role=\"presentation\"><span style=\"font-size: 11pt; background-color: transparent; font-weight: 700; font-variant-numeric: normal; font-variant-east-asian: normal; vertical-align: baseline; white-space: pre-wrap; font-family: Comfortaa;\">Reportagem 3:</span><span style=\"font-size: 11pt; background-color: transparent; font-variant-numeric: normal; font-variant-east-asian: normal; vertical-align: baseline; white-space: pre-wrap; font-family: Comfortaa;\"> Energia solar deve crescer 44% no Brasil em 2019 com impulso de geração distribuída</span></p></li></ul><p dir=\"ltr\" style=\"line-height:1.38;text-align: justify;margin-top:0pt;margin-bottom:0pt;\"><span style=\"font-size: 11pt; font-family: Comfortaa; background-color: transparent; font-weight: 700; font-variant-numeric: normal; font-variant-east-asian: normal; vertical-align: baseline; white-space: pre-wrap;\">Fonte:</span><span style=\"font-size: 11pt; font-family: Arial; background-color: transparent; font-variant-numeric: normal; font-variant-east-asian: normal; vertical-align: baseline; white-space: pre-wrap;\"><span class=\"Apple-tab-span\" style=\"white-space: pre; font-family: Comfortaa;\">	</span></span><span style=\"font-size: 11pt; font-family: Comfortaa; background-color: transparent; font-variant-numeric: normal; font-variant-east-asian: normal; vertical-align: baseline; white-space: pre-wrap;\">Época Negócios </span><span style=\"font-size: 11pt; font-family: Arial; background-color: transparent; font-variant-numeric: normal; font-variant-east-asian: normal; vertical-align: baseline; white-space: pre-wrap;\"><span class=\"Apple-tab-span\" style=\"white-space: pre; font-family: Comfortaa;\">	</span></span><span style=\"font-size: 11pt; font-family: Arial; background-color: transparent; font-variant-numeric: normal; font-variant-east-asian: normal; vertical-align: baseline; white-space: pre-wrap;\"><span class=\"Apple-tab-span\" style=\"white-space: pre; font-family: Comfortaa;\">	</span></span><span style=\"font-size: 11pt; font-family: Arial; background-color: transparent; font-variant-numeric: normal; font-variant-east-asian: normal; vertical-align: baseline; white-space: pre-wrap;\"><span class=\"Apple-tab-span\" style=\"white-space: pre; font-family: Comfortaa;\">	</span></span><span style=\"font-size: 11pt; font-family: Arial; background-color: transparent; font-variant-numeric: normal; font-variant-east-asian: normal; vertical-align: baseline; white-space: pre-wrap;\"><span class=\"Apple-tab-span\" style=\"white-space: pre; font-family: Comfortaa;\">	</span></span><span style=\"font-size: 11pt; font-family: Arial; background-color: transparent; font-variant-numeric: normal; font-variant-east-asian: normal; vertical-align: baseline; white-space: pre-wrap;\"><span class=\"Apple-tab-span\" style=\"white-space: pre; font-family: Comfortaa;\">	</span></span><span style=\"font-size: 11pt; font-family: Comfortaa; background-color: transparent; font-variant-numeric: normal; font-variant-east-asian: normal; vertical-align: baseline; white-space: pre-wrap;\"> &nbsp; &nbsp; &nbsp; &nbsp; &nbsp; &nbsp; &nbsp; &nbsp; </span><span style=\"font-size: 11pt; font-family: Comfortaa; background-color: transparent; font-weight: 700; font-variant-numeric: normal; font-variant-east-asian: normal; vertical-align: baseline; white-space: pre-wrap;\">&nbsp;Data:</span><span style=\"font-size: 11pt; font-family: Comfortaa; background-color: transparent; font-variant-numeric: normal; font-variant-east-asian: normal; vertical-align: baseline; white-space: pre-wrap;\"> 17/janeiro/2019</span></p><br><p dir=\"ltr\" style=\"line-height:1.38;text-align: justify;margin-top:0pt;margin-bottom:0pt;\"><span style=\"font-size: 11pt; font-family: Comfortaa; background-color: transparent; font-variant-numeric: normal; font-variant-east-asian: normal; vertical-align: baseline; white-space: pre-wrap;\">Brasil deverá ter um salto de 44% na capacidade instalada de energia solar em 2019, o que levaria o país à marca de 3,3 gigawatts (GW) da fonte em operação. O ano também deve marcar uma virada para o mercado solar brasileiro.</span></p><p dir=\"ltr\" style=\"line-height:1.38;text-align: justify;margin-top:0pt;margin-bottom:0pt;\"><span style=\"font-size: 11pt; font-family: Comfortaa; background-color: transparent; font-variant-numeric: normal; font-variant-east-asian: normal; vertical-align: baseline; white-space: pre-wrap;\">Os projetos de geração distribuída (GD) deverão acrescentar 628,5 megawatts (MW) em capacidade solar ao país, um crescimento de 125%, enquanto grandes usinas fotovoltaicas devem somar 383 MW até o final do ano, um avanço de 21%.</span></p><p dir=\"ltr\" style=\"line-height:1.38;text-align: justify;margin-top:0pt;margin-bottom:0pt;\"><span style=\"font-size: 11pt; font-family: Comfortaa; background-color: transparent; font-variant-numeric: normal; font-variant-east-asian: normal; vertical-align: baseline; white-space: pre-wrap;\">A nova dinâmica é resultado também da recente crise financeira atravessada pelo Brasil, que reduziu a demanda por eletricidade e levou ao cancelamento de um leilão de contratação de usinas renováveis em 2016.</span></p><p dir=\"ltr\" style=\"line-height:1.38;text-align: justify;margin-top:0pt;margin-bottom:0pt;\"><span style=\"font-size: 11pt; font-family: Comfortaa; background-color: transparent; font-variant-numeric: normal; font-variant-east-asian: normal; vertical-align: baseline; white-space: pre-wrap;\">A Absolar estima que a expansão da fonte neste ano deverá gerar investimentos totais de R$ 5,2 bilhões, com cerca de R$ 3 bilhões para a geração distribuída.</span></p><br><p dir=\"ltr\" style=\"line-height:1.38;text-align: justify;margin-top:0pt;margin-bottom:0pt;\"><span style=\"font-size: 12pt; font-family: Comfortaa; background-color: transparent; font-weight: 700; font-variant-numeric: normal; font-variant-east-asian: normal; vertical-align: baseline; white-space: pre-wrap;\">Sistema On-Grid X Off-Grid:</span></p><p dir=\"ltr\" style=\"line-height:1.38;text-align: justify;margin-top:0pt;margin-bottom:0pt;\"><span style=\"font-size: 11pt; font-family: Comfortaa; background-color: transparent; font-variant-numeric: normal; font-variant-east-asian: normal; vertical-align: baseline; white-space: pre-wrap;\">O sistema fotovoltaico, possui dois tipos principais, os sistemas geradores conectados à rede (On-Grid) e os sistemas geradores isolados, ou autônomos (Off Grid). Entre esses dois, o que mais vem ganhando espaço no Brasil e no mundo é o sistema On-Grid, por apresentar um menor custo e uma maior rentabilidade e segurança ao consumidor. Embora usem o mesmo processo para gerar a energia elétrica, esses sistemas diferem na maneira como tal é consumida e/ou armazenada.</span></p><ul style=\"margin-bottom: 0px;\"><li dir=\"ltr\" style=\"list-style-type: disc; font-size: 11pt; font-family: Arial; background-color: transparent; font-variant-numeric: normal; font-variant-east-asian: normal; vertical-align: baseline; white-space: pre;\"><p dir=\"ltr\" style=\"line-height:1.38;text-align: justify;margin-top:0pt;margin-bottom:0pt;\" role=\"presentation\"><span style=\"font-size: 11pt; background-color: transparent; font-weight: 700; font-variant-numeric: normal; font-variant-east-asian: normal; vertical-align: baseline; white-space: pre-wrap; font-family: Comfortaa;\">Sistema On-Grid: </span><span style=\"font-size: 11pt; background-color: transparent; font-variant-numeric: normal; font-variant-east-asian: normal; vertical-align: baseline; white-space: pre-wrap; font-family: Comfortaa;\">Os painéis solares captam a luz do sol e geram energia de corrente contínua, essa corrente contínua passa pelo inversor on-grid e é transformada em corrente alternada. Parte dessa energia é consumida pelos aparelhos do lugar. O excedente é jogado na rede elétrica e o proprietário recebe créditos.</span></p></li><li dir=\"ltr\" style=\"list-style-type: disc; font-size: 11pt; font-family: Arial; background-color: transparent; font-variant-numeric: normal; font-variant-east-asian: normal; vertical-align: baseline; white-space: pre;\"><p dir=\"ltr\" style=\"line-height:1.38;text-align: justify;margin-top:0pt;margin-bottom:0pt;\" role=\"presentation\"><span style=\"font-size: 11pt; background-color: transparent; font-weight: 700; font-variant-numeric: normal; font-variant-east-asian: normal; vertical-align: baseline; white-space: pre-wrap; font-family: Comfortaa;\">Sistema Off-Grid: </span><span style=\"font-size: 11pt; background-color: transparent; font-variant-numeric: normal; font-variant-east-asian: normal; vertical-align: baseline; white-space: pre-wrap; font-family: Comfortaa;\">Sendo mais caro que o sistema On-Grid, os sistema Off-Grid é caracterizado por se auto-sustentar através da utilização de baterias. Esse sistema é utilizado principalmente para propósitos e locais específicos, como, por exemplo, bombeamento de água, eletrificação de cercas, de postes de luz, etc. Durante o dia, em momentos em que a produção de energia supera o consumo, este excesso é enviado ao banco de baterias para que, à noite, quando o consumo é maior que a produção, essa energia possa ser utilizada para abastecer a rede ligada ao sistema.</span></p></li></ul><br><p dir=\"ltr\" style=\"line-height:1.38;text-align: justify;margin-top:0pt;margin-bottom:0pt;\"><span style=\"font-size: 12pt; font-family: Comfortaa; background-color: transparent; font-weight: 700; font-variant-numeric: normal; font-variant-east-asian: normal; vertical-align: baseline; white-space: pre-wrap;\">Relação do tema com outras disciplinas:</span></p><p dir=\"ltr\" style=\"line-height:1.38;text-align: justify;margin-top:0pt;margin-bottom:0pt;\"><span style=\"font-size: 11pt; font-family: Arial; background-color: transparent; font-variant-numeric: normal; font-variant-east-asian: normal; vertical-align: baseline; white-space: pre-wrap;\">História; Geopolítica; Física;</span></p><br><p dir=\"ltr\" style=\"line-height:1.38;text-align: justify;margin-top:0pt;margin-bottom:0pt;\"><span style=\"font-size: 12pt; font-family: Arial; background-color: transparent; font-weight: 700; font-variant-numeric: normal; font-variant-east-asian: normal; vertical-align: baseline; white-space: pre-wrap;\">Prédio eletrosul:</span></p><p dir=\"ltr\" style=\"line-height:1.38;text-align: justify;margin-top:0pt;margin-bottom:0pt;\"><span style=\"font-size: 11pt; font-family: Arial; background-color: transparent; font-variant-numeric: normal; font-variant-east-asian: normal; vertical-align: baseline; white-space: pre-wrap;\">A Eletrosul transformou sua sede administrativa, em Florianópolis (SC), em um complexo de geração fotovoltaica – o maior da América Latina integrado a um edifício e vitrine tecnológica para o setor elétrico brasileiro. Com potência instalada de 1 megawatt-pico (MWp)¹, a Usina Megawatt Solar pode produzir aproximadamente 1,2 gigawatts-hora (GWh) de energia por ano, suficiente para atender cerca de 540 residências. Essa capacidade de geração vem dos 4,2 mil módulos fotovoltaicos, que estão instalados nas coberturas do edifício-sede e estacionamentos, totalizando uma área de 8,3 mil metros quadrados. Os painéis solares convertem a radiação solar em energia elétrica, que vai para uma subestação coletora para ser escoada à rede elétrica local.</span></p><br><p dir=\"ltr\" style=\"line-height:1.38;text-align: justify;margin-top:0pt;margin-bottom:0pt;\"><span style=\"font-size: 12pt; font-family: Arial; background-color: transparent; font-weight: 700; font-variant-numeric: normal; font-variant-east-asian: normal; vertical-align: baseline; white-space: pre-wrap;\">A energia solar influencia em quais fontes de energia:</span></p><p dir=\"ltr\" style=\"line-height:1.38;text-align: justify;margin-top:0pt;margin-bottom:0pt;\"><span style=\"font-size: 11pt; font-family: Arial; background-color: transparent; font-variant-numeric: normal; font-variant-east-asian: normal; vertical-align: baseline; white-space: pre-wrap;\">Petróleo; Carvão Mineral; Gás Natural; Biocombustíveis; Biomassa; Biodigestor; Energía Eólica; Maremotriz; Energia azul ou energia osmótica;</span></p><br><p dir=\"ltr\" style=\"line-height:1.2;text-align: justify;margin-top:0pt;margin-bottom:0pt;\"><span style=\"font-size: 11pt; font-family: Arial; background-color: transparent; font-weight: 700; font-variant-numeric: normal; font-variant-east-asian: normal; vertical-align: baseline; white-space: pre-wrap;\">¹Megawatt pico - </span><span style=\"font-size: 11pt; font-family: Arial; background-color: transparent; font-variant-numeric: normal; font-variant-east-asian: normal; vertical-align: baseline; white-space: pre-wrap;\">As características elétricas de células solares e, portanto, do módulo como um todo, variam, principalmente, conforme a intensidade da radiação. Na energia fotovoltaica, a produção máxima de um gerador solar em condições padrão é definida como sua potência-pico, que é medida em watts ou watt-pico (Wp).</span></p><br><p dir=\"ltr\" style=\"line-height:1.2;text-align: justify;margin-top:0pt;margin-bottom:0pt;\"><span style=\"font-size: 11pt; font-family: Arial; background-color: transparent; font-weight: 700; font-variant-numeric: normal; font-variant-east-asian: normal; vertical-align: baseline; white-space: pre-wrap;\">Obs.:</span><span style=\"font-size: 11pt; font-family: Arial; background-color: transparent; font-variant-numeric: normal; font-variant-east-asian: normal; vertical-align: baseline; white-space: pre-wrap;\"> A energia solar é uma fonte de energia finita, pois em aproximadamente 5 bilhões de anos o sol irá explodir, o que acabará com fonte de energia. Porém enquanto isso não acontece, é como se ela fosse infinita.</span></p><br><p dir=\"ltr\" style=\"line-height:1.2;text-align: justify;margin-top:0pt;margin-bottom:0pt;\"><span style=\"font-size: 11pt; font-family: Arial; background-color: transparent; font-weight: 700; font-variant-numeric: normal; font-variant-east-asian: normal; vertical-align: baseline; white-space: pre-wrap;\">Obs.: </span><span style=\"font-size: 11pt; font-family: Arial; background-color: transparent; font-variant-numeric: normal; font-variant-east-asian: normal; vertical-align: baseline; white-space: pre-wrap;\">Energia heliotérmica é uma tecnologia de geração de energia elétrica renovável que transforma irradiação solar direta em energia térmica e subsequentemente em energia elétrica. Através da concentração dos raios solares diretos, temperaturas acima de 1000°C podem ser atingidos.</span></p><br><p dir=\"ltr\" style=\"line-height:1.2;text-align: justify;margin-top:0pt;margin-bottom:0pt;\"><span style=\"font-size: 11pt; font-family: Arial; background-color: transparent; font-weight: 700; font-variant-numeric: normal; font-variant-east-asian: normal; vertical-align: baseline; white-space: pre-wrap;\">REFERÊNCIAS:</span></p><p dir=\"ltr\" style=\"line-height:1.2;text-align: justify;margin-top:0pt;margin-bottom:0pt;\"><span style=\"font-size: 10pt; font-family: Arial; background-color: transparent; font-weight: 700; font-variant-numeric: normal; font-variant-east-asian: normal; vertical-align: baseline; white-space: pre-wrap;\">Reportagem 1:</span></p><p dir=\"ltr\" style=\"line-height:1.2;text-align: justify;margin-top:0pt;margin-bottom:0pt;\"><a href=\"https://pontosolar.com.br/blog/capacidade-instalada-em-energia-solar-no-brasil-ultrapassa-energia-nuclear/\"><span style=\"font-size: 10pt; font-family: Arial; color: rgb(17, 85, 204); background-color: transparent; font-variant-numeric: normal; font-variant-east-asian: normal; text-decoration-line: underline; text-decoration-skip-ink: none; vertical-align: baseline; white-space: pre-wrap;\">https://pontosolar.com.br/blog/capacidade-instalada-em-energia-solar-no-brasil-ultrapassa-energia-nuclear/</span></a></p><p dir=\"ltr\" style=\"line-height:1.2;text-align: justify;margin-top:0pt;margin-bottom:0pt;\"><span style=\"font-size: 10pt; font-family: Arial; background-color: transparent; font-weight: 700; font-variant-numeric: normal; font-variant-east-asian: normal; vertical-align: baseline; white-space: pre-wrap;\">Reportagem 2:</span><span style=\"font-size: 10pt; font-family: Arial; background-color: transparent; font-variant-numeric: normal; font-variant-east-asian: normal; vertical-align: baseline; white-space: pre-wrap;\"> </span><a href=\"https://www.bomjesusdalapanoticias.com.br/bom-jesus-da-lapa/parque-solar-em-bom-jesus-da-lapa-e-vendido-pela-enel-a-chineses/\"><span style=\"font-size: 10pt; font-family: Arial; color: rgb(17, 85, 204); background-color: transparent; font-variant-numeric: normal; font-variant-east-asian: normal; text-decoration-line: underline; text-decoration-skip-ink: none; vertical-align: baseline; white-space: pre-wrap;\">https://www.bomjesusdalapanoticias.com.br/bom-jesus-da-lapa/parque-solar-em-bom-jesus-da-lapa-e-vendido-pela-enel-a-chineses/</span></a></p><p dir=\"ltr\" style=\"line-height:1.2;text-align: justify;margin-top:0pt;margin-bottom:0pt;\"><span style=\"font-size: 10pt; font-family: Arial; background-color: transparent; font-weight: 700; font-variant-numeric: normal; font-variant-east-asian: normal; vertical-align: baseline; white-space: pre-wrap;\">Reportagem 3: </span><a href=\"https://epocanegocios.globo.com/Economia/noticia/2019/01/epoca-negocios-energia-solar-deve-crescer-44-no-brasil-em-2019-com-impulso-de-geracao-distribuida.html\"><span style=\"font-size: 10pt; font-family: Arial; color: rgb(17, 85, 204); background-color: transparent; font-variant-numeric: normal; font-variant-east-asian: normal; text-decoration-line: underline; text-decoration-skip-ink: none; vertical-align: baseline; white-space: pre-wrap;\">https://epocanegocios.globo.com/Economia/noticia/2019/01/epoca-negocios-energia-solar-deve-crescer-44-no-brasil-em-2019-com-impulso-de-geracao-distribuida.html</span></a></p><p dir=\"ltr\" style=\"line-height:1.2;text-align: justify;margin-top:0pt;margin-bottom:0pt;\"><span style=\"font-size: 10pt; font-family: Arial; background-color: transparent; font-weight: 700; font-variant-numeric: normal; font-variant-east-asian: normal; vertical-align: baseline; white-space: pre-wrap;\">Sistema On-Grid e Off-Grid:</span></p><p dir=\"ltr\" style=\"line-height:1.2;text-align: justify;margin-top:0pt;margin-bottom:0pt;\"><a href=\"https://blog.bluesol.com.br/gerador-de-energia-solar/\"><span style=\"font-size: 10pt; font-family: Arial; color: rgb(17, 85, 204); background-color: transparent; font-variant-numeric: normal; font-variant-east-asian: normal; text-decoration-line: underline; text-decoration-skip-ink: none; vertical-align: baseline; white-space: pre-wrap;\">https://blog.bluesol.com.br/gerador-de-energia-solar/</span></a></p><p dir=\"ltr\" style=\"line-height:1.2;text-align: justify;margin-top:0pt;margin-bottom:0pt;\"><span style=\"font-size: 10pt; font-family: Arial; background-color: transparent; font-weight: 700; font-variant-numeric: normal; font-variant-east-asian: normal; vertical-align: baseline; white-space: pre-wrap;\">História:</span></p><p dir=\"ltr\" style=\"line-height:1.2;text-align: justify;margin-top:0pt;margin-bottom:0pt;\"><a href=\"https://www.portalsolar.com.br/blog-solar/energia-solar/historia-da-energia-solar-como-tudo-comecou.html\"><span style=\"font-size: 10pt; font-family: Arial; color: rgb(17, 85, 204); background-color: transparent; font-variant-numeric: normal; font-variant-east-asian: normal; text-decoration-line: underline; text-decoration-skip-ink: none; vertical-align: baseline; white-space: pre-wrap;\">https://www.portalsolar.com.br/blog-solar/energia-solar/historia-da-energia-solar-como-tudo-comecou.html</span></a></p><p dir=\"ltr\" style=\"line-height:1.2;text-align: justify;margin-top:0pt;margin-bottom:0pt;\"><span style=\"font-size: 10pt; font-family: Arial; background-color: transparent; font-weight: 700; font-variant-numeric: normal; font-variant-east-asian: normal; vertical-align: baseline; white-space: pre-wrap;\">Física</span><span style=\"font-size: 10pt; font-family: Arial; background-color: transparent; font-variant-numeric: normal; font-variant-east-asian: normal; vertical-align: baseline; white-space: pre-wrap;\">:</span></p><p dir=\"ltr\" style=\"line-height:1.2;text-align: justify;margin-top:0pt;margin-bottom:0pt;\"><a href=\"http://www.sbf1.sbfisica.org.br/eventos/snef/xvii/sys/resumos/T0030-1.pdf\"><span style=\"font-size: 10pt; font-family: Arial; color: rgb(17, 85, 204); background-color: transparent; font-variant-numeric: normal; font-variant-east-asian: normal; text-decoration-line: underline; text-decoration-skip-ink: none; vertical-align: baseline; white-space: pre-wrap;\">http://www.sbf1.sbfisica.org.br/eventos/snef/xvii/sys/resumos/T0030-1.pdf</span></a></p><p dir=\"ltr\" style=\"line-height:1.2;text-align: justify;margin-top:0pt;margin-bottom:0pt;\"><span style=\"font-size: 10pt; font-family: Arial; background-color: transparent; font-weight: 700; font-variant-numeric: normal; font-variant-east-asian: normal; vertical-align: baseline; white-space: pre-wrap;\">Geopolítica:</span></p><p dir=\"ltr\" style=\"line-height:1.2;text-align: justify;margin-top:0pt;margin-bottom:0pt;\"><a href=\"http://www.ihu.unisinos.br/185-noticias/noticias-2016/559622-principal-desafio-da-energia-solar-e-politico-afirmam-especi%20alistas-2\"><span style=\"font-size: 10pt; font-family: Arial; color: rgb(17, 85, 204); background-color: transparent; font-variant-numeric: normal; font-variant-east-asian: normal; text-decoration-line: underline; text-decoration-skip-ink: none; vertical-align: baseline; white-space: pre-wrap;\">http://www.ihu.unisinos.br/185-noticias/noticias-2016/559622-principal-desafio-da-energia-solar-e-politico-afirmam-especi%20alistas-2</span></a><span style=\"font-size: 10pt; font-family: Arial; background-color: transparent; font-variant-numeric: normal; font-variant-east-asian: normal; vertical-align: baseline; white-space: pre-wrap;\">&nbsp;</span></p><p dir=\"ltr\" style=\"line-height:1.2;text-align: justify;margin-top:0pt;margin-bottom:0pt;\"><span style=\"font-size: 10pt; font-family: Arial; background-color: transparent; font-weight: 700; font-variant-numeric: normal; font-variant-east-asian: normal; vertical-align: baseline; white-space: pre-wrap;\">Prédio eletrosul:</span></p><p dir=\"ltr\" style=\"line-height:1.2;text-align: justify;margin-top:0pt;margin-bottom:0pt;\"><a href=\"http://www.eletrosul.gov.br/ampnbsp/megawatt-solar\"><span style=\"font-size: 10pt; font-family: Arial; color: rgb(17, 85, 204); background-color: transparent; font-variant-numeric: normal; font-variant-east-asian: normal; text-decoration-line: underline; text-decoration-skip-ink: none; vertical-align: baseline; white-space: pre-wrap;\">http://www.eletrosul.gov.br/ampnbsp/megawatt-solar</span></a></p><p dir=\"ltr\" style=\"line-height:1.2;text-align: justify;margin-top:0pt;margin-bottom:0pt;\"><span style=\"font-size: 10pt; font-family: Arial; background-color: transparent; font-weight: 700; font-variant-numeric: normal; font-variant-east-asian: normal; vertical-align: baseline; white-space: pre-wrap;\">A energia solar influencia em quais fontes de energia:</span></p><p dir=\"ltr\" style=\"line-height:1.2;text-align: justify;margin-top:0pt;margin-bottom:0pt;\"><a href=\"http://www.oakenergia.com.br/toda-energia-vem-do-sol/\"><span style=\"font-size: 10pt; font-family: Arial; color: rgb(17, 85, 204); background-color: transparent; font-variant-numeric: normal; font-variant-east-asian: normal; text-decoration-line: underline; text-decoration-skip-ink: none; vertical-align: baseline; white-space: pre-wrap;\">http://www.oakenergia.com.br/toda-energia-vem-do-sol/</span></a><span style=\"font-size: 10pt; font-family: Arial; background-color: transparent; font-variant-numeric: normal; font-variant-east-asian: normal; vertical-align: baseline; white-space: pre-wrap;\">&nbsp;</span></p><br></span>					    						    ', 'Complemento sobre o trabalho de fontes de energia');
INSERT INTO `artigos` (`codArtigo`, `dataArtigo`, `titulo`, `imgArtigo`, `uploadArtigo`, `disciplina_codDisciplina`, `professores_codProfessor`, `alunos_codAluno`, `corpo`, `resumo`) VALUES
(151, '2019-12-02 11:31:38', 'Quiz de redes de computadores', 'd292c53ab9ba97e685bacda814fb74fb.jpg', NULL, 13, NULL, 25, '<span id=\"docs-internal-guid-490bd1a6-7fff-213c-1636-b559549e5b8a\"><p dir=\"ltr\" style=\"line-height:1.2;margin-top:0pt;margin-bottom:0pt;\"><span style=\"font-size: 12pt; font-family: Arial; background-color: transparent; font-weight: 700; font-variant-numeric: normal; font-variant-east-asian: normal; vertical-align: baseline; white-space: pre-wrap;\">1. Explique a diferença entre topologias Físicas e Lógicas?</span></p><p dir=\"ltr\" style=\"line-height:1.2;text-align: justify;margin-top:0pt;margin-bottom:0pt;\"><span style=\"font-size: 12pt; font-family: Arial; background-color: transparent; font-variant-numeric: normal; font-variant-east-asian: normal; vertical-align: baseline; white-space: pre-wrap;\">R: A diferença entre a topologias Físicas e Lógicas são: a topologia lógica trabalha com o layout da rede, como as redes estão conectadas e o meio de conexão entre os dispositivos de rede. A topologia lógica descreve o fluxo dos dados como eles vão ser transmitidos&nbsp; através da rede a partir de um dispositivo para o outro sem ter conta a interligação física dos dispositivos.</span></p><br><p dir=\"ltr\" style=\"line-height:1.2;margin-top:0pt;margin-bottom:0pt;\"><span style=\"font-size: 12pt; font-family: Arial; background-color: transparent; font-weight: 700; font-variant-numeric: normal; font-variant-east-asian: normal; vertical-align: baseline; white-space: pre-wrap;\">2. O que é modelo de referência OSI?</span></p><p dir=\"ltr\" style=\"line-height:1.2;text-align: justify;margin-top:0pt;margin-bottom:0pt;\"><span style=\"font-size: 12pt; font-family: Arial; background-color: transparent; font-variant-numeric: normal; font-variant-east-asian: normal; vertical-align: baseline; white-space: pre-wrap;\">R: O modelo de referência OSI é um modelo que tem como objetivo decompor as comunicações&nbsp; de rede em partes menores e mais simples. Com esse modelo a uma padronização nos componentes de rede, assim garantindo a comunicação entre sistemas com tecnologias diferentes.</span></p><br><p dir=\"ltr\" style=\"line-height:1.2;text-align: justify;margin-top:0pt;margin-bottom:0pt;\"><span style=\"font-size: 12pt; font-family: Arial; background-color: transparent; font-weight: 700; font-variant-numeric: normal; font-variant-east-asian: normal; vertical-align: baseline; white-space: pre-wrap;\">3. Porque a ISO criou o modelo OSI?</span></p><p dir=\"ltr\" style=\"line-height:1.2;text-align: justify;margin-top:0pt;margin-bottom:0pt;\"><span style=\"font-size: 12pt; font-family: Arial; background-color: transparent; font-variant-numeric: normal; font-variant-east-asian: normal; vertical-align: baseline; white-space: pre-wrap;\">R: A ISO criou o modelo OSI pela necessidade de criar um padrão de comunicação entre as redes de computadores para que elas pudessem trabalhar juntas.&nbsp;&nbsp;</span></p><br><p dir=\"ltr\" style=\"line-height:1.2;text-align: justify;margin-top:0pt;margin-bottom:0pt;\"><span style=\"font-size: 12pt; font-family: Arial; background-color: transparent; font-weight: 700; font-variant-numeric: normal; font-variant-east-asian: normal; vertical-align: baseline; white-space: pre-wrap;\">4. Como as redes de computadores podem ser classificadas, quanto à distância ou distribuição geográfica?&nbsp;</span></p><p dir=\"ltr\" style=\"line-height:1.2;text-align: justify;margin-top:0pt;margin-bottom:0pt;\"><span style=\"font-size: 12pt; font-family: Arial; background-color: transparent; font-variant-numeric: normal; font-variant-east-asian: normal; vertical-align: baseline; white-space: pre-wrap;\">R: As redes podem ser classificadas como:</span></p><p dir=\"ltr\" style=\"line-height:1.2;text-align: justify;margin-top:0pt;margin-bottom:0pt;\"><span style=\"font-size: 12pt; font-family: Arial; background-color: transparent; font-variant-numeric: normal; font-variant-east-asian: normal; vertical-align: baseline; white-space: pre-wrap;\"><span class=\"Apple-tab-span\" style=\"white-space:pre;\">	</span></span><span style=\"font-size: 12pt; font-family: Arial; color: rgb(51, 51, 51); font-weight: 700; font-variant-numeric: normal; font-variant-east-asian: normal; vertical-align: baseline; white-space: pre-wrap;\">LAN </span><span style=\"font-size: 12pt; font-family: Arial; color: rgb(51, 51, 51); font-variant-numeric: normal; font-variant-east-asian: normal; vertical-align: baseline; white-space: pre-wrap;\">(Local Area Network): é uma rede local, onde os dispositivos estão ligados entre si através de um </span><span style=\"font-size: 12pt; font-family: Arial; color: rgb(34, 34, 34); font-variant-numeric: normal; font-variant-east-asian: normal; vertical-align: baseline; white-space: pre-wrap;\">roteador.</span></p><p dir=\"ltr\" style=\"line-height:1.2;text-align: justify;margin-top:0pt;margin-bottom:0pt;\"><span style=\"font-size: 12pt; font-family: Arial; color: rgb(51, 51, 51); font-variant-numeric: normal; font-variant-east-asian: normal; vertical-align: baseline; white-space: pre-wrap;\"><span class=\"Apple-tab-span\" style=\"white-space:pre;\">	</span></span><span style=\"font-size: 12pt; font-family: Arial; color: rgb(51, 51, 51); font-weight: 700; font-variant-numeric: normal; font-variant-east-asian: normal; vertical-align: baseline; white-space: pre-wrap;\">WAN</span><span style=\"font-size: 12pt; font-family: Arial; color: rgb(51, 51, 51); font-variant-numeric: normal; font-variant-east-asian: normal; vertical-align: baseline; white-space: pre-wrap;\"> (Wide Area Network): é uma rede de computadores que abrange uma grande área geográfica, normalmente um país ou um continente.</span></p><p dir=\"ltr\" style=\"line-height:1.2;text-align: justify;margin-top:0pt;margin-bottom:0pt;\"><span style=\"font-size: 12pt; font-family: Arial; color: rgb(51, 51, 51); font-variant-numeric: normal; font-variant-east-asian: normal; vertical-align: baseline; white-space: pre-wrap;\"><span class=\"Apple-tab-span\" style=\"white-space:pre;\">	</span></span><span style=\"font-size: 12pt; font-family: Arial; color: rgb(51, 51, 51); font-weight: 700; font-variant-numeric: normal; font-variant-east-asian: normal; vertical-align: baseline; white-space: pre-wrap;\">MAN</span><span style=\"font-size: 12pt; font-family: Arial; color: rgb(51, 51, 51); font-variant-numeric: normal; font-variant-east-asian: normal; vertical-align: baseline; white-space: pre-wrap;\"> (Metropolitan Area Network) : é uma rede de computadores de área metropolitana, abrange cidades e pequenas regiões.</span></p><p dir=\"ltr\" style=\"line-height:1.2;text-align: justify;margin-top:0pt;margin-bottom:0pt;\"><span style=\"font-size: 12pt; font-family: Arial; color: rgb(51, 51, 51); font-variant-numeric: normal; font-variant-east-asian: normal; vertical-align: baseline; white-space: pre-wrap;\"><span class=\"Apple-tab-span\" style=\"white-space:pre;\">	</span></span><span style=\"font-size: 12pt; font-family: Arial; color: rgb(51, 51, 51); font-weight: 700; font-variant-numeric: normal; font-variant-east-asian: normal; vertical-align: baseline; white-space: pre-wrap;\">RAN</span><span style=\"font-size: 12pt; font-family: Arial; color: rgb(51, 51, 51); font-variant-numeric: normal; font-variant-east-asian: normal; vertical-align: baseline; white-space: pre-wrap;\"> (Regional Area Network): é uma rede de computadores com uma conexão de alta velocidade utilizando cabos de fibra ótica. As RANs abrange uma região geográfica específica, sendo esta maior que uma LAN e uma MAM e menor que uma WAN.&nbsp;</span></p><p dir=\"ltr\" style=\"line-height:1.2;text-align: justify;margin-top:0pt;margin-bottom:0pt;\"><span style=\"font-size: 12pt; font-family: Arial; color: rgb(51, 51, 51); font-variant-numeric: normal; font-variant-east-asian: normal; vertical-align: baseline; white-space: pre-wrap;\"><span class=\"Apple-tab-span\" style=\"white-space:pre;\">	</span></span><span style=\"font-size: 12pt; font-family: Arial; color: rgb(51, 51, 51); font-weight: 700; font-variant-numeric: normal; font-variant-east-asian: normal; vertical-align: baseline; white-space: pre-wrap;\">PAN</span><span style=\"font-size: 12pt; font-family: Arial; color: rgb(51, 51, 51); font-variant-numeric: normal; font-variant-east-asian: normal; vertical-align: baseline; white-space: pre-wrap;\"> (Personal Area Network): é uma rede doméstica que liga recursos diversos ao longo de uma residência. Essa rede usa tecnologias de rede sem fios para interligar os mais variados dispositivos.</span></p><p dir=\"ltr\" style=\"line-height:1.2;text-align: justify;margin-top:0pt;margin-bottom:0pt;\"><span style=\"font-size: 12pt; font-family: Arial; color: rgb(51, 51, 51); font-variant-numeric: normal; font-variant-east-asian: normal; vertical-align: baseline; white-space: pre-wrap;\"><span class=\"Apple-tab-span\" style=\"white-space:pre;\">	</span></span><span style=\"font-size: 12pt; font-family: Arial; color: rgb(51, 51, 51); font-weight: 700; font-variant-numeric: normal; font-variant-east-asian: normal; vertical-align: baseline; white-space: pre-wrap;\">WWAN</span><span style=\"font-size: 12pt; font-family: Arial; color: rgb(51, 51, 51); font-variant-numeric: normal; font-variant-east-asian: normal; vertical-align: baseline; white-space: pre-wrap;\"> (Wireless Wide Area Network):&nbsp; é uma rede de longa distância sem fio, é usado por operadoras de celular para criar uma rede de transmissão.</span></p><p dir=\"ltr\" style=\"line-height:1.2;text-indent: 36pt;text-align: justify;margin-top:0pt;margin-bottom:0pt;\"><span style=\"font-size: 12pt; font-family: Arial; color: rgb(51, 51, 51); font-weight: 700; font-variant-numeric: normal; font-variant-east-asian: normal; vertical-align: baseline; white-space: pre-wrap;\">SAN</span><span style=\"font-size: 12pt; font-family: Arial; color: rgb(51, 51, 51); font-variant-numeric: normal; font-variant-east-asian: normal; vertical-align: baseline; white-space: pre-wrap;\"> (Storage Area Network): é uma rede com objetivo exclusivo de armazenar dados. Possuem uma infraestrutura projetada especialmente para comportar&nbsp; grandes tráfegos de dados.</span></p><br><p dir=\"ltr\" style=\"line-height:1.2;text-align: justify;margin-top:0pt;margin-bottom:0pt;\"><span style=\"font-size: 12pt; font-family: Arial; color: rgb(51, 51, 51); font-weight: 700; font-variant-numeric: normal; font-variant-east-asian: normal; vertical-align: baseline; white-space: pre-wrap;\">5. O que é PDU em protocolos de comunicação e quais são as PDUs descritas no modelo OSI.</span></p><p dir=\"ltr\" style=\"line-height:1.2;text-align: justify;margin-top:0pt;margin-bottom:0pt;\"><span style=\"font-size: 12pt; font-family: Arial; color: rgb(51, 51, 51); font-variant-numeric: normal; font-variant-east-asian: normal; vertical-align: baseline; white-space: pre-wrap;\">R</span><span style=\"font-size: 12pt; font-family: Arial; background-color: transparent; font-variant-numeric: normal; font-variant-east-asian: normal; vertical-align: baseline; white-space: pre-wrap;\">: O Protocol Data Unit, em português Unidade de Dados de Protocolo,&nbsp; é a unidade mínima transmitida em uma determinada  camada  de uma rede de computadores. No modelo OSI cada camada&nbsp; recebe a PDU da camada superior como um bloco de dados, adicionando o seu cabeçalho de controle, assim criando sua própria PDU, esse processo é chamado de encapsulamento.</span></p><p dir=\"ltr\" style=\"line-height:1.2;text-align: justify;margin-top:0pt;margin-bottom:0pt;\"><span style=\"font-size: 12pt; font-family: Arial; background-color: transparent; font-variant-numeric: normal; font-variant-east-asian: normal; vertical-align: baseline; white-space: pre-wrap;\">No modelo OSI as PDUs descritas são:</span></p><ul style=\"margin-bottom: 0px;\"><li dir=\"ltr\" style=\"list-style-type: disc; font-size: 12pt; font-family: Arial; background-color: transparent; font-variant-numeric: normal; font-variant-east-asian: normal; vertical-align: baseline; white-space: pre;\"><p dir=\"ltr\" style=\"line-height:1.2;text-align: justify;margin-top:0pt;margin-bottom:0pt;\" role=\"presentation\"><span style=\"font-size: 12pt; background-color: transparent; font-variant-numeric: normal; font-variant-east-asian: normal; vertical-align: baseline; white-space: pre-wrap;\">Camada Física (camada 1): Bit;</span></p></li><li dir=\"ltr\" style=\"list-style-type: disc; font-size: 12pt; font-family: Arial; background-color: transparent; font-variant-numeric: normal; font-variant-east-asian: normal; vertical-align: baseline; white-space: pre;\"><p dir=\"ltr\" style=\"line-height:1.2;text-align: justify;margin-top:0pt;margin-bottom:0pt;\" role=\"presentation\"><span style=\"font-size: 12pt; background-color: transparent; font-variant-numeric: normal; font-variant-east-asian: normal; vertical-align: baseline; white-space: pre-wrap;\">Camada de enlace (camada 2): Quadro(Frame);</span></p></li><li dir=\"ltr\" style=\"list-style-type: disc; font-size: 12pt; font-family: Arial; background-color: transparent; font-variant-numeric: normal; font-variant-east-asian: normal; vertical-align: baseline; white-space: pre;\"><p dir=\"ltr\" style=\"line-height:1.2;text-align: justify;margin-top:0pt;margin-bottom:0pt;\" role=\"presentation\"><span style=\"font-size: 12pt; background-color: transparent; font-variant-numeric: normal; font-variant-east-asian: normal; vertical-align: baseline; white-space: pre-wrap;\">Camada de rede (camada 3): Pacote (Packet);</span></p></li><li dir=\"ltr\" style=\"list-style-type: disc; font-size: 12pt; font-family: Arial; background-color: transparent; font-variant-numeric: normal; font-variant-east-asian: normal; vertical-align: baseline; white-space: pre;\"><p dir=\"ltr\" style=\"line-height:1.2;text-align: justify;margin-top:0pt;margin-bottom:0pt;\" role=\"presentation\"><span style=\"font-size: 12pt; background-color: transparent; font-variant-numeric: normal; font-variant-east-asian: normal; vertical-align: baseline; white-space: pre-wrap;\">Camada de transporte (camada 4): Segmento;</span></p></li><li dir=\"ltr\" style=\"list-style-type: disc; font-size: 12pt; font-family: Arial; background-color: transparent; font-variant-numeric: normal; font-variant-east-asian: normal; vertical-align: baseline; white-space: pre;\"><p dir=\"ltr\" style=\"line-height:1.2;text-align: justify;margin-top:0pt;margin-bottom:12pt;\" role=\"presentation\"><span style=\"font-size: 12pt; background-color: transparent; font-variant-numeric: normal; font-variant-east-asian: normal; vertical-align: baseline; white-space: pre-wrap;\">Demais camadas (camadas 5, 6 e 7): Dados.</span></p></li></ul><p dir=\"ltr\" style=\"line-height:1.2;text-align: justify;margin-top:0pt;margin-bottom:12pt;\"><span style=\"font-size: 12pt; font-family: Arial; background-color: transparent; font-weight: 700; font-variant-numeric: normal; font-variant-east-asian: normal; vertical-align: baseline; white-space: pre-wrap;\">6. Na sua concepção, quais as vantagens e desvantagens da utilização de padrões para redes de computadores?</span></p><p dir=\"ltr\" style=\"line-height:1.2;text-align: justify;margin-top:0pt;margin-bottom:12pt;\"><span style=\"font-size: 12pt; font-family: Arial; background-color: transparent; font-variant-numeric: normal; font-variant-east-asian: normal; vertical-align: baseline; white-space: pre-wrap;\">R: Na minha concepção as vantagens de utilizar os padrões&nbsp; para redes de computadores são: conexão entre computadores de fornecedores distintos, conexão entre sistemas distintos e facilidade na implantação e implementação das redes. As desvantagens são:&nbsp; custo para a atualização da tecnologia quando ficam ultrapassadas.</span></p><p dir=\"ltr\" style=\"line-height:1.2;margin-top:0pt;margin-bottom:0pt;\"><span style=\"font-size: 12pt; font-family: Arial; background-color: transparent; font-weight: 700; font-variant-numeric: normal; font-variant-east-asian: normal; vertical-align: baseline; white-space: pre-wrap;\">7. Quantas camadas existem no modelo OSI e quais os seus nomes?&nbsp;</span></p><p dir=\"ltr\" style=\"line-height:1.2;text-align: justify;margin-top:0pt;margin-bottom:0pt;\"><span style=\"font-size: 12pt; font-family: Arial; background-color: transparent; font-variant-numeric: normal; font-variant-east-asian: normal; vertical-align: baseline; white-space: pre-wrap;\">R: No modelo de referência OSI possui 7 camadas e os seu nomes são: Física, Enlace, Rede, Transporte, Sessão, Apresentação e Aplicação.</span></p><br><p dir=\"ltr\" style=\"line-height:1.2;text-align: justify;margin-top:0pt;margin-bottom:0pt;\"><span style=\"font-size: 12pt; font-family: Arial; background-color: transparent; font-weight: 700; font-variant-numeric: normal; font-variant-east-asian: normal; vertical-align: baseline; white-space: pre-wrap;\">8. Qual a camada do modelo OSI é responsável pelo roteamento dos pacotes na rede?&nbsp;</span></p><p dir=\"ltr\" style=\"line-height:1.2;text-align: justify;margin-top:0pt;margin-bottom:0pt;\"><span style=\"font-size: 12pt; font-family: Arial; background-color: transparent; font-variant-numeric: normal; font-variant-east-asian: normal; vertical-align: baseline; white-space: pre-wrap;\">R: A camada do modelo OSI que é responsável pelo roteamento dos pacotes é a camada de rede.</span></p><br><p dir=\"ltr\" style=\"line-height:1.2;text-align: justify;margin-top:0pt;margin-bottom:0pt;\"><span style=\"font-size: 12pt; font-family: Arial; background-color: transparent; font-weight: 700; font-variant-numeric: normal; font-variant-east-asian: normal; vertical-align: baseline; white-space: pre-wrap;\">9. Quais as funções das camadas de enlace, transporte e Sessão.</span></p><p dir=\"ltr\" style=\"line-height:1.2;text-align: justify;margin-top:0pt;margin-bottom:0pt;\"><span style=\"font-size: 12pt; font-family: Arial; background-color: transparent; font-variant-numeric: normal; font-variant-east-asian: normal; vertical-align: baseline; white-space: pre-wrap;\">R: As funções das camadas de enlace, transporte e sessão são:</span></p><ul style=\"margin-bottom: 0px;\"><li dir=\"ltr\" style=\"list-style-type: disc; font-size: 12pt; font-family: Arial; background-color: transparent; font-variant-numeric: normal; font-variant-east-asian: normal; vertical-align: baseline; white-space: pre;\"><p dir=\"ltr\" style=\"line-height:1.2;text-align: justify;margin-top:0pt;margin-bottom:0pt;\" role=\"presentation\"><span style=\"font-size: 12pt; background-color: transparent; font-variant-numeric: normal; font-variant-east-asian: normal; vertical-align: baseline; white-space: pre-wrap;\">Enlace:&nbsp; É a camada que controla o fluxo de dados de modo que um host mais rápido não sobrecarregue um mais lento. Nessa camada dois computadores estão ligados fisicamente por um canal de comunicação.</span></p></li><li dir=\"ltr\" style=\"list-style-type: disc; font-size: 12pt; font-family: Arial; background-color: transparent; font-variant-numeric: normal; font-variant-east-asian: normal; vertical-align: baseline; white-space: pre;\"><p dir=\"ltr\" style=\"line-height:1.2;text-align: justify;margin-top:0pt;margin-bottom:0pt;\" role=\"presentation\"><span style=\"font-size: 12pt; background-color: transparent; font-variant-numeric: normal; font-variant-east-asian: normal; vertical-align: baseline; white-space: pre-wrap;\">Transporte: É a camada que implementa uma comunicação fim a fim transparente e confiável. Nessa camada faz o sequenciamento, controle de erros e o controle de fluxo.</span></p></li><li dir=\"ltr\" style=\"list-style-type: disc; font-size: 12pt; font-family: Arial; background-color: transparent; font-variant-numeric: normal; font-variant-east-asian: normal; vertical-align: baseline; white-space: pre;\"><p dir=\"ltr\" style=\"line-height:1.2;text-align: justify;margin-top:0pt;margin-bottom:0pt;\" role=\"presentation\"><span style=\"font-size: 12pt; background-color: transparent; font-variant-numeric: normal; font-variant-east-asian: normal; vertical-align: baseline; white-space: pre-wrap;\">Sessão: É a camada que permite o estabelecimento de sessões entre usuários .&nbsp;</span></p></li></ul><br><p dir=\"ltr\" style=\"line-height:1.2;text-align: justify;margin-top:0pt;margin-bottom:0pt;\"><span style=\"font-size: 12pt; font-family: Arial; background-color: transparent; font-weight: 700; font-variant-numeric: normal; font-variant-east-asian: normal; vertical-align: baseline; white-space: pre-wrap;\">10.Qual a função de um equipamento bridge(ponte) e por que podemos caracterizar um Access Point como possuindo esta funcionalidade. Em qual camada do modelo OSI este equipamento trabalha?</span></p><p dir=\"ltr\" style=\"line-height:1.2;text-align: justify;margin-top:0pt;margin-bottom:0pt;\"><span style=\"font-size: 12pt; font-family: Arial; background-color: transparent; font-variant-numeric: normal; font-variant-east-asian: normal; vertical-align: baseline; white-space: pre-wrap;\">R: A função do equipamento bridge é de interconectar duas ou mais redes de informática que usam protocolos distintos. Podemos caracterizar um Access Point como possuindo esta funcionalidade porque ele trabalha de forma parecida com um repetidor WI-FI, porém funciona conectado a um roteador ou a um switch, assim conectando a rede WI-FI e a rede cabeada. Esse equipamento trabalha na camadas físicas e de enlace.</span></p><br><p dir=\"ltr\" style=\"line-height:1.2;text-align: justify;margin-top:0pt;margin-bottom:0pt;\"><span style=\"font-size: 12pt; font-family: Arial; background-color: transparent; font-weight: 700; font-variant-numeric: normal; font-variant-east-asian: normal; vertical-align: baseline; white-space: pre-wrap;\">11. Explique a diferença entre os equipamentos HUB e SWITCH, exemplificando seu modo de funcionamento?&nbsp;</span></p><p dir=\"ltr\" style=\"line-height:1.2;text-align: justify;margin-top:0pt;margin-bottom:0pt;\"><span style=\"font-size: 12pt; font-family: Arial; background-color: transparent; font-variant-numeric: normal; font-variant-east-asian: normal; vertical-align: baseline; white-space: pre-wrap;\">R: A diferença entre o HUB e o SWITCH é que o HUB recebe os sinais transmitidos pelas estações e os retransmite para todas as demais, já o SWITCH&nbsp; filtra esses sinal e retransmite só para o endereço de destino.</span></p><br><p dir=\"ltr\" style=\"line-height:1.2;text-align: justify;margin-top:0pt;margin-bottom:0pt;\"><span style=\"font-size: 12pt; font-family: Arial; background-color: transparent; font-weight: 700; font-variant-numeric: normal; font-variant-east-asian: normal; vertical-align: baseline; white-space: pre-wrap;\">12.Quais métodos de encaminhamento são utilizados pelos Switches. Dos métodos descritos qual o melhor? Justifique.&nbsp;</span></p><p dir=\"ltr\" style=\"line-height:1.2;text-align: justify;margin-top:0pt;margin-bottom:0pt;\"><span style=\"font-size: 12pt; font-family: Arial; background-color: transparent; font-variant-numeric: normal; font-variant-east-asian: normal; vertical-align: baseline; white-space: pre-wrap;\">R: Os métodos de&nbsp; encaminhamento que são utilizados pelo Switches são: Cut-through, Fragment Free e o Store-and-forward. Dos métodos descritos o melhor é o Store-and-forward porque ele recebe e analisa o quadro inteiro antes de encaminhá-lo para a porta de saída, assim permitindo detectar erros, evitando que se propagar pela rede.</span></p><br><p dir=\"ltr\" style=\"line-height:1.2;text-align: justify;margin-top:0pt;margin-bottom:0pt;\"><span style=\"font-size: 12pt; font-family: Arial; background-color: transparent; font-weight: 700; font-variant-numeric: normal; font-variant-east-asian: normal; vertical-align: baseline; white-space: pre-wrap;\">13.Explique qual a diferença entre quadro e pacotes?</span></p><p dir=\"ltr\" style=\"line-height:1.2;text-align: justify;margin-top:0pt;margin-bottom:0pt;\"><span style=\"font-size: 12pt; font-family: Arial; background-color: transparent; font-variant-numeric: normal; font-variant-east-asian: normal; vertical-align: baseline; white-space: pre-wrap;\">R: A diferença entre quadros e pacotes é que os quadros trabalham na camada de enlace e os pacotes trabalham na camada de rede.</span></p><br><p dir=\"ltr\" style=\"line-height:1.2;text-align: justify;margin-top:0pt;margin-bottom:0pt;\"><span style=\"font-size: 12pt; font-family: Arial; background-color: transparent; font-weight: 700; font-variant-numeric: normal; font-variant-east-asian: normal; vertical-align: baseline; white-space: pre-wrap;\">14.Qual o tamanho dos quadros ethernet(IEEE 802.3) e wifi(IEEE 802.11)?</span></p><p dir=\"ltr\" style=\"line-height:1.2;text-align: justify;margin-top:0pt;margin-bottom:0pt;\"><span style=\"font-size: 12pt; font-family: Arial; background-color: transparent; font-variant-numeric: normal; font-variant-east-asian: normal; vertical-align: baseline; white-space: pre-wrap;\">R: O tamanho do quadro ethernet (IEEE 802.3) é de no mínimo 64 bytes e no máximo 1518 bytes e o tamanho do quadro wi-fi(IEEE 802.11) é de no mínimo de 34 bytes e no máximo de 2346 bytes.</span></p><br><p dir=\"ltr\" style=\"line-height:1.2;text-align: justify;margin-top:0pt;margin-bottom:0pt;\"><span style=\"font-size: 12pt; font-family: Arial; background-color: transparent; font-weight: 700; font-variant-numeric: normal; font-variant-east-asian: normal; vertical-align: baseline; white-space: pre-wrap;\">15.Nos quadros Ethernet, o que significam os campos: DA, SA e FCS? Em quadro ethernet qual destes campos aparece por primeiro e qual o motivo?&nbsp;</span></p><p dir=\"ltr\" style=\"line-height:1.2;text-align: justify;margin-top:0pt;margin-bottom:0pt;\"><span style=\"font-size: 12pt; font-family: Arial; background-color: transparent; font-variant-numeric: normal; font-variant-east-asian: normal; vertical-align: baseline; white-space: pre-wrap;\">R: Nos quadros Ethernet os significados dos campos DA, SA e FCS são: DA (destiny address) é o campo que contém o destino do pacote, SA (source address) contém a origem do pacote e FCS (Frame Check Sequence) é o campo de verificação de erros no pacote. Destes campos o que aparece primeiro é o campo DA, pois ele é o primeiro a ser verificado pelo sistema porque ele contém o campo de origem.&nbsp;</span></p><br><br><p dir=\"ltr\" style=\"line-height:1.2;text-align: justify;margin-top:0pt;margin-bottom:0pt;\"><span style=\"font-size: 12pt; font-family: Arial; background-color: transparent; font-weight: 700; font-variant-numeric: normal; font-variant-east-asian: normal; vertical-align: baseline; white-space: pre-wrap;\">16.Mostre em quais camadas do modelo OSI são realizadas as seguintes tarefas:</span></p><p dir=\"ltr\" style=\"line-height:1.2;text-indent: 36pt;text-align: justify;margin-top:0pt;margin-bottom:0pt;\"><span style=\"font-size: 12pt; font-family: Arial; background-color: transparent; font-weight: 700; font-variant-numeric: normal; font-variant-east-asian: normal; vertical-align: baseline; white-space: pre-wrap;\">1. Divisão de fluxo de bits transmitidos em quadros</span></p><p dir=\"ltr\" style=\"line-height:1.2;text-indent: 36pt;text-align: justify;margin-top:0pt;margin-bottom:0pt;\"><span style=\"font-size: 12pt; font-family: Arial; background-color: transparent; font-weight: 700; font-variant-numeric: normal; font-variant-east-asian: normal; vertical-align: baseline; white-space: pre-wrap;\">2. Roteamento de pacotes</span></p><p dir=\"ltr\" style=\"line-height:1.2;text-indent: 36pt;text-align: justify;margin-top:0pt;margin-bottom:0pt;\"><span style=\"font-size: 12pt; font-family: Arial; background-color: transparent; font-weight: 700; font-variant-numeric: normal; font-variant-east-asian: normal; vertical-align: baseline; white-space: pre-wrap;\">3. Sincronização de serviços</span></p><p dir=\"ltr\" style=\"line-height:1.2;text-align: justify;margin-top:0pt;margin-bottom:0pt;\"><span style=\"font-size: 12pt; font-family: Arial; background-color: transparent; font-variant-numeric: normal; font-variant-east-asian: normal; vertical-align: baseline; white-space: pre-wrap;\">R: A camada que realiza a tarefa de divisão de bits transmitidos em quadros é a camada física. A camada que realiza a tarefa de rotear pacotes é a&nbsp; camada de rede. E a camada que realiza a tarefa de sincronização de serviços é a camada de sessão.</span></p><br><p dir=\"ltr\" style=\"line-height:1.2;text-align: justify;margin-top:0pt;margin-bottom:0pt;\"><span style=\"font-size: 12pt; font-family: Arial; background-color: transparent; font-weight: 700; font-variant-numeric: normal; font-variant-east-asian: normal; vertical-align: baseline; white-space: pre-wrap;\">17. Defina protocolo de comunicação e exemplifique fazendo alusão a comunicação humana.</span></p><p dir=\"ltr\" style=\"line-height:1.2;text-align: justify;margin-top:0pt;margin-bottom:0pt;\"><span style=\"font-size: 12pt; font-family: Arial; background-color: transparent; font-variant-numeric: normal; font-variant-east-asian: normal; vertical-align: baseline; white-space: pre-wrap;\">R: Segundo</span><span style=\"font-size: 12pt; font-family: Arial; font-variant-numeric: normal; font-variant-east-asian: normal; vertical-align: baseline; white-space: pre-wrap;\"> Forouzanf(2007</span><span style=\"font-size: 12pt; font-family: Arial; color: rgb(60, 64, 67); font-variant-numeric: normal; font-variant-east-asian: normal; vertical-align: baseline; white-space: pre-wrap;\">) os </span><span style=\"font-size: 12pt; font-family: Arial; background-color: transparent; font-variant-numeric: normal; font-variant-east-asian: normal; vertical-align: baseline; white-space: pre-wrap;\">protocolos de comunicação são: “um conjunto de regras que governa a comunicação entre os dados.” Fazendo uma alusão a comunicação humana, os protocolos seriam as regras de etiqueta em uma conversa, para começar uma conversa é preciso que haja um comprimento, como um “bom dia” ou um “oi”.</span></p><br><p dir=\"ltr\" style=\"line-height:1.2;text-align: justify;margin-top:0pt;margin-bottom:0pt;\"><span style=\"font-size: 12pt; font-family: Arial; background-color: transparent; font-weight: 700; font-variant-numeric: normal; font-variant-east-asian: normal; vertical-align: baseline; white-space: pre-wrap;\">18. Explique com suas palavras o funcionamento das comunicações em broadcast. Dê um exemplo utilizando a comunicação humana como referência.</span></p><p dir=\"ltr\" style=\"line-height:1.2;text-align: justify;margin-top:0pt;margin-bottom:0pt;\"><span style=\"font-size: 12pt; font-family: Arial; background-color: transparent; font-variant-numeric: normal; font-variant-east-asian: normal; vertical-align: baseline; white-space: pre-wrap;\">R: Uma comunicação em broadcast identifica todas as máquinas de uma rede, se um computador ligado a essa&nbsp; rede enviar um pacote  será recebido por todas as máquinas conectadas à rede. Um exemplo utilizando a comunicação humana seria: um professor explicando o conteúdo para uma turma, o professor é a máquina que está enviando um pacote( o conteúdo da matéria) em uma comunicação broadcast onde todos os alunos recebem o conteúdo simultaneamente.</span></p><br><p dir=\"ltr\" style=\"line-height:1.2;text-align: justify;margin-top:0pt;margin-bottom:0pt;\"><span style=\"font-size: 12pt; font-family: Arial; background-color: transparent; font-weight: 700; font-variant-numeric: normal; font-variant-east-asian: normal; vertical-align: baseline; white-space: pre-wrap;\">19. Explique com suas palavras o funcionamento das comunicações em unicast. Dê um exemplo utilizando a comunicação humana como referência.</span></p><p dir=\"ltr\" style=\"line-height:1.2;text-align: justify;margin-top:0pt;margin-bottom:0pt;\"><span style=\"font-size: 12pt; font-family: Arial; background-color: transparent; font-variant-numeric: normal; font-variant-east-asian: normal; vertical-align: baseline; white-space: pre-wrap;\">R: Uma comunicação unicast&nbsp; são usados para a comunicação máquina-a-máquina, os endereços de uma máquina são únicos nesse tipo de rede. Assim uma máquina pode enviar um pacote apenas para uma determinada máquina na rede. Um exemplo utilizando a comunicação humana seria: um professor chamando a atenção de um aluno o chamando pelo nome, o professor ao chamar o nome do alunos está estabelecendo uma comunicação unicast.</span></p><br><p dir=\"ltr\" style=\"line-height:1.2;text-align: justify;margin-top:0pt;margin-bottom:0pt;\"><span style=\"font-size: 12pt; font-family: Arial; background-color: transparent; font-weight: 700; font-variant-numeric: normal; font-variant-east-asian: normal; vertical-align: baseline; white-space: pre-wrap;\">20. Conceitue endereço IP. Qual a diferença entre endereço IP e endereço MAC(físico). De um exemplo de cada um destes endereços.</span></p><p dir=\"ltr\" style=\"line-height:1.2;text-align: justify;margin-top:0pt;margin-bottom:0pt;\"><span style=\"font-size: 12pt; font-family: Arial; background-color: transparent; font-variant-numeric: normal; font-variant-east-asian: normal; vertical-align: baseline; white-space: pre-wrap;\">R: O endereço IP é um rótulo numérico a qual cada dispositivo que está conectado a uma rede de computadores e usa o protocolo&nbsp; internet para comunicação. A diferença entre endereço IP e endereço MAC(físico) são: o endereço IP é atribuído pela placa de rede e é mutável enquanto o endereço MAC também é atribuído pela placa de rede, mas é imutável. Um exemplo de um endereço IP é 192.168.0.10 e um exemplo de endereço MAC é 5c:c9:d3:1e:f9:f4.</span></p><br><p dir=\"ltr\" style=\"line-height:1.2;text-align: justify;margin-top:0pt;margin-bottom:0pt;\"><span style=\"font-size: 12pt; font-family: Arial; background-color: transparent; font-weight: 700; font-variant-numeric: normal; font-variant-east-asian: normal; vertical-align: baseline; white-space: pre-wrap;\">21. Defina o que é uma máscara de subrede?</span></p><p dir=\"ltr\" style=\"line-height:1.2;text-align: justify;margin-top:0pt;margin-bottom:0pt;\"><span style=\"font-size: 12pt; font-family: Arial; background-color: transparent; font-variant-numeric: normal; font-variant-east-asian: normal; vertical-align: baseline; white-space: pre-wrap;\">R: Uma máscara de sub-rede é um número de 32-bit usado para mascarar o endereço IP e separar a parte correspondente à rede pública e o hosts. A máscara de rede é formada apenas por dois valores: 0 e 255, por exemplo: 255.0.255.255. O número 255 é a parte que indica o IP referente a rede e o 0 é o valor que indica a parte do endereço de IP referente ao host.</span></p><br><p dir=\"ltr\" style=\"line-height:1.2;text-align: justify;margin-top:0pt;margin-bottom:0pt;\"><span style=\"font-size: 12pt; font-family: Arial; background-color: transparent; font-weight: 700; font-variant-numeric: normal; font-variant-east-asian: normal; vertical-align: baseline; white-space: pre-wrap;\">22.Quando configuramos uma interface de rede com o protocolo IP, o que significa o campo gateway e qual a função deste para a rede?</span></p><p dir=\"ltr\" style=\"line-height:1.2;text-align: justify;margin-top:0pt;margin-bottom:0pt;\"><span style=\"font-size: 12pt; font-family: Arial; background-color: transparent; font-variant-numeric: normal; font-variant-east-asian: normal; vertical-align: baseline; white-space: pre-wrap;\">R: O campo gateway( ou portal) é um caminho de saída para outra rede distinta, sendo essa rede a internet, sendo ele responsável por tratar e analisar as informações que circulam por esse caminho. A função deste para rede é organizar o tráfego de dados entre uma máquina final e a internet, a tradução de informações entre redes diferentes permitindo a comunicação entre diferentes arquiteturas, e o controle das informações que entram e saem da rede.&nbsp;&nbsp;&nbsp;</span></p><br><br><br></span>					    						    ', 'Quiz de redes de computadores'),
(152, '2019-12-02 11:36:11', 'Slides de Crispr', NULL, 'Slides_de_Crispr_2019-12-02.pdf', 1, NULL, 25, 'Slide disponível para download, sobre crispr', 'Slide disponível para download, sobre crispr');

-- --------------------------------------------------------

--
-- Estrutura para tabela `comentarios`
--

CREATE TABLE `comentarios` (
  `codComentario` int(11) NOT NULL,
  `dataComentario` date DEFAULT NULL,
  `comentario` varchar(240) DEFAULT NULL,
  `com_professores_codProfessor` int(5) DEFAULT NULL,
  `com_alunos_codAluno` int(5) DEFAULT NULL,
  `artigo_codArtigo` int(11) NOT NULL
) ENGINE=InnoDB DEFAULT CHARSET=utf8;

--
-- Fazendo dump de dados para tabela `comentarios`
--

INSERT INTO `comentarios` (`codComentario`, `dataComentario`, `comentario`, `com_professores_codProfessor`, `com_alunos_codAluno`, `artigo_codArtigo`) VALUES
(63, '2019-12-02', 'mano... o que é um computador?', NULL, 26, 151),
(64, '2019-12-02', 'Sou de 1940, perdão', NULL, 26, 151);

-- --------------------------------------------------------

--
-- Estrutura para tabela `disciplinas`
--

CREATE TABLE `disciplinas` (
  `codDisciplina` int(5) NOT NULL,
  `nomeDisciplina` varchar(180) DEFAULT NULL,
  `imgDisciplina` varchar(45) DEFAULT NULL
) ENGINE=InnoDB DEFAULT CHARSET=utf8mb4;

--
-- Fazendo dump de dados para tabela `disciplinas`
--

INSERT INTO `disciplinas` (`codDisciplina`, `nomeDisciplina`, `imgDisciplina`) VALUES
(1, 'Biologia', 'bio.png'),
(2, 'Física', 'fisica.png'),
(3, 'Química', 'quimi.png'),
(4, 'Geografia', 'geo.png'),
(5, 'História', 'historia.png'),
(6, 'Pr.Textual', 'pt.png'),
(7, 'Matemática', 'mat.png'),
(8, 'Inglês', 'ing.png'),
(9, 'Espanhol', 'esp.png'),
(10, 'Filosofia', 'filo.png '),
(11, 'Sociologia', 'soci.png'),
(12, 'Agropecuária', 'agro.png'),
(13, 'Informática', 'info.png'),
(14, 'Química(tec)', 'qui.png'),
(15, 'Portugues', 'port.png'),
(16, 'Nenhuma', NULL);

-- --------------------------------------------------------

--
-- Estrutura para tabela `professores`
--

CREATE TABLE `professores` (
  `codProfessor` int(5) NOT NULL,
  `imgProfessor` varchar(540) DEFAULT NULL,
  `email` varchar(180) NOT NULL,
  `miniCurriculo` varchar(240) DEFAULT NULL,
  `instituicao` varchar(180) DEFAULT NULL,
  `dataNasc` date DEFAULT NULL,
  `senha` varchar(180) NOT NULL,
  `nomeProfessor` varchar(180) NOT NULL,
  `tipo` tinyint(1) DEFAULT NULL,
  `admin` tinyint(1) NOT NULL
) ENGINE=InnoDB DEFAULT CHARSET=utf8mb4;

--
-- Fazendo dump de dados para tabela `professores`
--

INSERT INTO `professores` (`codProfessor`, `imgProfessor`, `email`, `miniCurriculo`, `instituicao`, `dataNasc`, `senha`, `nomeProfessor`, `tipo`, `admin`) VALUES
(17, NULL, 'paulo.cesar@ifc.edu.br', 'Paulo', 'ifc', '2019-11-21', 'adcebeafbb16fc1ac715d06e0d66b986', 'Paulo Cesar', 1, 0),
(20, '1a01563ace91e9611bfa21d0e1bf00a1.gif', 'paulos.cesar@ifc.edu.br', 'Doutor em ciência da computação', 'ifc', '2019-11-20', 'adcebeafbb16fc1ac715d06e0d66b986', 'Paulo Cesar', 1, 0),
(26, '74c348fa76b960a4c6d69faf8d42b03a.jpg', 'santos@ifc.edu.br', 'Eu estudo na alura', 'ifc', '2019-11-28', 'd3ce9efea6244baa7bf718f12dd0c331', 'Pedro da Silva', 1, 0),
(33, NULL, 'lara.fernanda@ifc.edu.br', 'Doutora em física nuclear ', 'ifc', '2019-11-21', '430eb9de135ada27cba7c930f67efec7', 'Lara Fernanda', 1, 1),
(34, NULL, 'pedro.santos@ifc.edu.br', 'Doutor em ciências da computação pela UDESC', 'ifc', '1979-07-28', 'd3ce9efea6244baa7bf718f12dd0c331', 'Pedro do Santos ', 1, 0),
(35, NULL, 'lucas.moreira@ifc.edu.br', 'Mestre em Física pela universidade federal do Paraná', 'ifc', '1986-08-17', '1308dfed71297a652cc42a390e211489', ' Lucas  Moreira', 1, 1),
(36, NULL, 'gael.almeida@ifc.edu.br', 'Doutor em química pela Unicamp ', 'ifc', '1979-06-12', '17eaf7bf73aa35d02ea91ed5337b452b', ' Gael Otávio', 1, 1),
(37, NULL, 'fenando.cesar@ifc.edu.br', 'Aluno de mestrado em Geografia da UFSC', 'ifc', '1991-03-22', '7177f6095e415df15bb5c614cab676f0', ' Fernando César', 1, 1),
(38, NULL, 'mariano.sebastiana@ifc.edu.br', 'Mestre em historia pela Universidade Federal de Santa Catarina', 'ifc', '1977-08-08', 'c6395fc2a20ef14c669de0a8fc196280', ' Mariana Sebastiana ', 1, 1),
(39, NULL, 'vera.clarice@ifc.edu.br', 'Mestre em Língua Portuguesa ', 'ifc', '1970-12-02', '8260823b8fb443e603da678c17505cbf', ' Vera Clarice ', 1, 1),
(40, NULL, 'leandro.benedito@ifc.edu.br', 'Doutor em Matemática pela UDESC', 'ifc', '1986-06-13', '7000acc244047869ca92b30be0ba43b7', ' Leandro Benedito ', 1, 1),
(41, NULL, 'manuel.marcio@ifc.edu.br', 'Professor de Inglês desde 2011', 'ifc', '1989-04-21', 'e88febd1ea904f224c3a79f5ddd8aa89', ' Manoel Márcio ', 1, 1),
(42, NULL, 'raquel.lais@ifc.edu.br', 'Professora de Espanhol desde 2006', 'ifc', '1984-12-27', '7c324d6ebfcd6718de98c51b05620607', ' Raquel Laís ', 1, 1),
(43, NULL, 'mariana.silveira@ifc.edu.br', 'Doutora em filosofia pela UFPR', 'ifc', '1974-02-17', 'c6395fc2a20ef14c669de0a8fc196280', ' Mariana Silvana', 1, 1),
(44, NULL, 'eduardo.emily@ifc.edu.br', 'Mestre em ciências sociais pela UFPR', 'ifc', '1976-04-23', 'ace86531e9fa1888968532a32242c055', ' Eduarda Emily Pires', 1, 1),
(45, NULL, 'nicolas.gael@ifc.edu.br', 'Doutor em medicina veterinária ', 'ifc', '1885-09-10', '36d1fafa3445f87b23d7646607275d3c', ' Nicolas Gael ', 1, 0),
(46, NULL, 'hugo.vinicius@ifc.edu.br', 'Cientista de Dados ', 'ifc', '1977-05-19', 'd94e99a622e914cc2b990d9eb48b6af0', ' Hugo Vinicius Melo', 1, 0),
(48, NULL, 'murilo.silva@ifc.edu.br', 'Doutor em Engenharia petroquímica', 'ifc', '1974-09-28', '3f289b60e62a96173611561643c4e2e0', ' Murilo da Silva', 1, 1);

-- --------------------------------------------------------

--
-- Estrutura para tabela `professores_has_disciplinas`
--

CREATE TABLE `professores_has_disciplinas` (
  `professores_codProfessor` int(5) NOT NULL,
  `disciplina_codDisciplina` int(5) NOT NULL
) ENGINE=InnoDB DEFAULT CHARSET=utf8mb4;

--
-- Fazendo dump de dados para tabela `professores_has_disciplinas`
--

INSERT INTO `professores_has_disciplinas` (`professores_codProfessor`, `disciplina_codDisciplina`) VALUES
(35, 1),
(33, 2),
(36, 3),
(37, 4),
(38, 5),
(39, 6),
(40, 7),
(41, 8),
(42, 9),
(43, 10),
(44, 11),
(26, 12),
(45, 12),
(17, 13),
(20, 13),
(34, 13),
(46, 13),
(48, 14);

--
-- Índices de tabelas apagadas
--

--
-- Índices de tabela `alunos`
--
ALTER TABLE `alunos`
  ADD PRIMARY KEY (`codAluno`);

--
-- Índices de tabela `artigos`
--
ALTER TABLE `artigos`
  ADD PRIMARY KEY (`codArtigo`),
  ADD KEY `fk_artigo_disciplina1_idx` (`disciplina_codDisciplina`),
  ADD KEY `fk_artigo_professores1_idx` (`professores_codProfessor`),
  ADD KEY `fk_artigo_alunos1_idx` (`alunos_codAluno`);

--
-- Índices de tabela `comentarios`
--
ALTER TABLE `comentarios`
  ADD PRIMARY KEY (`codComentario`),
  ADD KEY `fk_comentarios_professores1_idx` (`com_professores_codProfessor`),
  ADD KEY `fk_comentarios_alunos1_idx` (`com_alunos_codAluno`),
  ADD KEY `fk_comentarios_artigos1_idx` (`artigo_codArtigo`);

--
-- Índices de tabela `disciplinas`
--
ALTER TABLE `disciplinas`
  ADD PRIMARY KEY (`codDisciplina`);

--
-- Índices de tabela `professores`
--
ALTER TABLE `professores`
  ADD PRIMARY KEY (`codProfessor`);

--
-- Índices de tabela `professores_has_disciplinas`
--
ALTER TABLE `professores_has_disciplinas`
  ADD PRIMARY KEY (`professores_codProfessor`,`disciplina_codDisciplina`),
  ADD KEY `fk_professores_has_disciplina_disciplina1_idx` (`disciplina_codDisciplina`),
  ADD KEY `fk_professores_has_disciplina_professores1_idx` (`professores_codProfessor`);

--
-- AUTO_INCREMENT de tabelas apagadas
--

--
-- AUTO_INCREMENT de tabela `alunos`
--
ALTER TABLE `alunos`
  MODIFY `codAluno` int(5) NOT NULL AUTO_INCREMENT, AUTO_INCREMENT=27;
--
-- AUTO_INCREMENT de tabela `artigos`
--
ALTER TABLE `artigos`
  MODIFY `codArtigo` int(11) NOT NULL AUTO_INCREMENT, AUTO_INCREMENT=153;
--
-- AUTO_INCREMENT de tabela `comentarios`
--
ALTER TABLE `comentarios`
  MODIFY `codComentario` int(11) NOT NULL AUTO_INCREMENT, AUTO_INCREMENT=65;
--
-- AUTO_INCREMENT de tabela `disciplinas`
--
ALTER TABLE `disciplinas`
  MODIFY `codDisciplina` int(5) NOT NULL AUTO_INCREMENT, AUTO_INCREMENT=17;
--
-- AUTO_INCREMENT de tabela `professores`
--
ALTER TABLE `professores`
  MODIFY `codProfessor` int(5) NOT NULL AUTO_INCREMENT, AUTO_INCREMENT=51;
--
-- Restrições para dumps de tabelas
--

--
-- Restrições para tabelas `artigos`
--
ALTER TABLE `artigos`
  ADD CONSTRAINT `fk_artigo_alunos1` FOREIGN KEY (`alunos_codAluno`) REFERENCES `alunos` (`codAluno`) ON DELETE NO ACTION ON UPDATE NO ACTION,
  ADD CONSTRAINT `fk_artigo_disciplina1` FOREIGN KEY (`disciplina_codDisciplina`) REFERENCES `disciplinas` (`codDisciplina`) ON DELETE NO ACTION ON UPDATE NO ACTION,
  ADD CONSTRAINT `fk_artigo_professores1` FOREIGN KEY (`professores_codProfessor`) REFERENCES `professores` (`codProfessor`) ON DELETE NO ACTION ON UPDATE NO ACTION;

--
-- Restrições para tabelas `comentarios`
--
ALTER TABLE `comentarios`
  ADD CONSTRAINT `fk_comentarios_alunos1` FOREIGN KEY (`com_alunos_codAluno`) REFERENCES `alunos` (`codAluno`) ON DELETE NO ACTION ON UPDATE NO ACTION,
  ADD CONSTRAINT `fk_comentarios_artigos1` FOREIGN KEY (`artigo_codArtigo`) REFERENCES `artigos` (`codArtigo`) ON DELETE NO ACTION ON UPDATE NO ACTION,
  ADD CONSTRAINT `fk_comentarios_professores1` FOREIGN KEY (`com_professores_codProfessor`) REFERENCES `professores` (`codProfessor`) ON DELETE NO ACTION ON UPDATE NO ACTION;

--
-- Restrições para tabelas `professores_has_disciplinas`
--
ALTER TABLE `professores_has_disciplinas`
  ADD CONSTRAINT `fk_professores_has_disciplina_disciplina1` FOREIGN KEY (`disciplina_codDisciplina`) REFERENCES `disciplinas` (`codDisciplina`) ON DELETE NO ACTION ON UPDATE NO ACTION,
  ADD CONSTRAINT `fk_professores_has_disciplina_professores1` FOREIGN KEY (`professores_codProfessor`) REFERENCES `professores` (`codProfessor`) ON DELETE NO ACTION ON UPDATE NO ACTION;

/*!40101 SET CHARACTER_SET_CLIENT=@OLD_CHARACTER_SET_CLIENT */;
/*!40101 SET CHARACTER_SET_RESULTS=@OLD_CHARACTER_SET_RESULTS */;
/*!40101 SET COLLATION_CONNECTION=@OLD_COLLATION_CONNECTION */;
